{"type":"FeatureCollection","bbox":[102.118664,8.565578,109.471746,23.365811],"features":[{"type":"Feature","id":"01","bbox":[105.284617,20.568239,106.010742,21.364137],"properties":{"code":"01","name":"Hà Nội","regionId":3,"regionName":"Đồng bằng sông Hồng","macroRegion":"bac","macroRegionName":"Miền Bắc","parent34Code":"01","parent34Name":"Hà Nội","center":[21.1306,105.872]},"geometry":{"type":"Polygon","coordinates":[[[105.92100521524952,21.328305703623016],[105.94112326924494,21.288655839787644],[105.94522629341506,21.247747954889928],[105.9172477863052,21.19199542145661],[105.9284759545987,21.12786594777289],[106.01074232451857,21.045591370295902],[106.00456572899367,20.991096857924923],[105.91296093488731,20.965714432961253],[105.89664442837568,20.907179452942994],[105.92408615992207,20.886577508016217],[105.91220356662653,20.84029713316992],[105.92065962002373,20.800706470325714],[105.9568221162041,20.786883038887773],[105.96807234376732,20.73228492478225],[106.00707313265318,20.712970601413396],[105.98661683652188,20.687188569759336],[105.92136551665514,20.678012416128155],[105.81689281520524,20.647168699729153],[105.78607601538988,20.568238978253206],[105.75438419787515,20.601110328599745],[105.67925032516857,20.638229350062648],[105.61312398760248,20.761189808720466],[105.53212970223713,20.8146335034982],[105.50758508811553,20.8460544295611],[105.53103409184045,20.91552679269781],[105.50515856844503,20.987870403906214],[105.4645842183183,21.01115119368339],[105.37603830961476,21.022280980023144],[105.30776486979477,21.011506399630402],[105.28461734275618,21.053820308068378],[105.30655160995951,21.126045517294443],[105.28488205399296,21.19152181352726],[105.34313323226479,21.237772587877966],[105.3534716766791,21.301828060322727],[105.41459056001608,21.307141349280133],[105.42904673478033,21.277111646509706],[105.45647376014689,21.208867703939745],[105.51448963954158,21.167797016316317],[105.65689693184032,21.16050049415475],[105.76271524874387,21.105517573606626],[105.78053913868719,21.179060004886203],[105.76643591223865,21.263643421018777],[105.77277427574158,21.363130686678126],[105.84845963019147,21.364137103528],[105.92100521524952,21.328305703623016]]]}},{"type":"Feature","id":"02","bbox":[104.362349,22.170573,105.568064,23.365811],"properties":{"code":"02","name":"Hà Giang","regionId":1,"regionName":"Đông Bắc Bộ","macroRegion":"bac","macroRegionName":"Miền Bắc","parent34Code":"08","parent34Name":"Tuyên Quang","center":[22.7655,104.965]},"geometry":{"type":"Polygon","coordinates":[[[104.84771879953762,22.170573005230857],[104.77012899480088,22.181377186119185],[104.6894435392118,22.264406576233576],[104.62794964828937,22.25746526001902],[104.59431661503825,22.23966056192497],[104.59405190380147,22.330992891050805],[104.54997012978738,22.370405950921505],[104.48241729277863,22.405645340914795],[104.44076939152495,22.554091826270835],[104.47290974752421,22.593726889858416],[104.42275432124397,22.650811445593035],[104.38158437083447,22.66155642549019],[104.36234868762833,22.69284414932296],[104.44881367188715,22.74495582179939],[104.55285989412225,22.83661375637665],[104.57941925487937,22.80942570118233],[104.61025076087455,22.823130730637935],[104.66322242059056,22.810979727200515],[104.72786343399471,22.83973660866081],[104.77482761925376,22.895696345563223],[104.82334330648395,22.924379225784556],[104.82772574807068,22.9543793280594],[104.79809279573092,23.085198718294894],[104.86141025295116,23.11934288995156],[104.87021190157417,23.162974020443045],[104.94539724591013,23.16029517559265],[104.98077296147005,23.190280477619705],[105.06041427829184,23.23253518506651],[105.21680714760055,23.265110530457203],[105.23608694934617,23.319605042828183],[105.28044814077685,23.35904770319447],[105.3114634740198,23.365811416435513],[105.33201536031996,23.318065817057793],[105.3894503456117,23.275677907380853],[105.43073794545977,23.267389768617207],[105.47326821750272,23.195031357161007],[105.51739411005627,23.167621298249806],[105.5348135800545,23.099421756423226],[105.50971748418961,23.08722635224243],[105.49770253527566,23.02456210309014],[105.47847420515943,23.001458916286474],[105.43282622299438,23.00023049571972],[105.35897914102215,22.914537061002726],[105.30150739028085,22.87648562392891],[105.3029338897235,22.85467005868317],[105.45122365395072,22.77526672927787],[105.48928324732802,22.730170374254953],[105.51988680753597,22.663273254234092],[105.56806425263028,22.5922320648314],[105.50050406253162,22.581546285925413],[105.3434861805805,22.601053012515568],[105.1967332121446,22.6476441925655],[105.17028414773614,22.636766010438212],[105.13493049144594,22.5250241396069],[105.08206912807859,22.459621844613046],[105.04830373920908,22.357396533112137],[105.0204575877176,22.342403882098612],[104.9574416071837,22.35331166472148],[104.93986036920744,22.332857722272625],[104.92963957423169,22.2674110265354],[104.84771879953762,22.170573005230857]]]}},{"type":"Feature","id":"04","bbox":[105.301507,22.37862,106.791626,23.099422],"properties":{"code":"04","name":"Cao Bằng","regionId":1,"regionName":"Đông Bắc Bộ","macroRegion":"bac","macroRegionName":"Miền Bắc","parent34Code":"04","parent34Name":"Cao Bằng","center":[22.7595,106.047]},"geometry":{"type":"Polygon","coordinates":[[[105.5348135800545,23.099421756423226],[105.56557155515058,23.05432540140031],[105.69072114542912,23.044290833397177],[105.75531068720389,23.005824989385182],[105.85332002262238,22.90447289250401],[105.88732806345894,22.93018092291911],[105.9446968709415,22.927117271626116],[105.99949945004525,22.975854487605922],[106.07755249944636,22.980797770368525],[106.17017201996036,22.966515531249026],[106.20237855376882,22.94718640763238],[106.23399684038444,22.863801811570973],[106.31626321030431,22.853604440842126],[106.45781019108351,22.88916943628685],[106.48762697067102,22.925696447838064],[106.58143033866064,22.89480833069569],[106.61034268818915,22.852272418540828],[106.66788061673965,22.868019882191756],[106.73173484952336,22.800575153002576],[106.7904786848192,22.797200696505953],[106.79162576684527,22.772661885666437],[106.74718369142555,22.744526614613413],[106.73481579419591,22.695611795660106],[106.697300329472,22.63059430710885],[106.68052057829598,22.57898584305736],[106.64664489307782,22.5684332663815],[106.60750439548366,22.609725957721814],[106.56894479199244,22.57466417070203],[106.53330436519572,22.40329210151583],[106.49645803165366,22.384554987810873],[106.39821339735803,22.37862008844619],[106.28593906751297,22.44088473090809],[106.22576873277447,22.434535424605222],[106.19327542845949,22.406163349587523],[106.13778165890415,22.43246338991431],[106.13230360692074,22.480208989292038],[106.10777369897895,22.53081103649366],[106.08292025508109,22.541881621842244],[105.99622732503504,22.524713334403263],[105.90936527392103,22.480253390035415],[105.84337864506324,22.48197021877931],[105.81564278992043,22.505295409299862],[105.76205347065192,22.630949513055867],[105.77715671732831,22.705853567132326],[105.72436153177014,22.723821067952088],[105.64774233490162,22.677807097566056],[105.56806425263028,22.5922320648314],[105.51988680753597,22.663273254234092],[105.48928324732802,22.730170374254953],[105.45122365395072,22.77526672927787],[105.3029338897235,22.85467005868317],[105.30150739028085,22.87648562392891],[105.35897914102215,22.914537061002726],[105.43282622299438,23.00023049571972],[105.47847420515943,23.001458916286474],[105.49770253527566,23.02456210309014],[105.50971748418961,23.08722635224243],[105.5348135800545,23.099421756423226]]]}},{"type":"Feature","id":"06","bbox":[105.488732,21.788342,106.259409,22.723821],"properties":{"code":"06","name":"Bắc Kạn","regionId":1,"regionName":"Đông Bắc Bộ","macroRegion":"bac","macroRegionName":"Miền Bắc","parent34Code":"19","parent34Name":"Thái Nguyên","center":[22.1476,105.874]},"geometry":{"type":"Polygon","coordinates":[[[105.55817434670051,21.950197315604598],[105.54519614300828,21.99659609243323],[105.50886452575998,22.05533827592058],[105.48873176558473,22.15491434306668],[105.49498189200875,22.26803263694267],[105.52015151877275,22.340213445425363],[105.58939556646095,22.42993254754184],[105.6086312496671,22.46940480840371],[105.60737387129238,22.51712080728585],[105.56806425263028,22.5922320648314],[105.64774233490162,22.677807097566056],[105.72436153177014,22.723821067952088],[105.77715671732831,22.705853567132326],[105.76205347065192,22.630949513055867],[105.81564278992043,22.505295409299862],[105.84337864506324,22.48197021877931],[105.90936527392103,22.480253390035415],[105.99622732503504,22.524713334403263],[106.08292025508109,22.541881621842244],[106.10777369897895,22.53081103649366],[106.13230360692074,22.480208989292038],[106.13778165890415,22.43246338991431],[106.19327542845949,22.406163349587523],[106.2203862709599,22.321446731224817],[106.2594091191155,22.262541745011756],[106.23981313450373,22.19863427504492],[106.1907827309798,22.11177162075234],[106.13338451113759,22.068554897199036],[106.11996512205074,22.03593515106497],[106.11343557821012,21.948746891320962],[106.02557350686827,21.922047244303783],[106.0019627351653,21.88811027611621],[105.89933565928295,21.82600843638002],[105.83940797651151,21.814049836163903],[105.80130426459475,21.788341805748807],[105.77846556733239,21.882515782450746],[105.7731345771472,21.977962580462815],[105.71786140028917,22.030015051948077],[105.62711691770237,22.009931115694027],[105.58450576167039,21.95693142835006],[105.55817434670051,21.950197315604598]]]}},{"type":"Feature","id":"08","bbox":[104.847719,21.495341,105.608631,22.647644],"properties":{"code":"08","name":"Tuyên Quang","regionId":1,"regionName":"Đông Bắc Bộ","macroRegion":"bac","macroRegionName":"Miền Bắc","parent34Code":"08","parent34Name":"Tuyên Quang","center":[22.131,105.229]},"geometry":{"type":"Polygon","coordinates":[[[105.56806425263028,22.5922320648314],[105.60737387129238,22.51712080728585],[105.6086312496671,22.46940480840371],[105.58939556646095,22.42993254754184],[105.52015151877275,22.340213445425363],[105.49498189200875,22.26803263694267],[105.48873176558473,22.15491434306668],[105.50886452575998,22.05533827592058],[105.54519614300828,21.99659609243323],[105.55817434670051,21.950197315604598],[105.53448269100853,21.86712352474683],[105.51771764601234,21.672233861818786],[105.52186478872193,21.60813398863065],[105.57700560996157,21.543886112964593],[105.53903425366319,21.520827326904303],[105.4602826607206,21.49652532002947],[105.39326659927531,21.495341300206093],[105.3175591855557,21.514581622335985],[105.23321924428103,21.618331359359495],[105.17641662472158,21.667482982277484],[105.11227562143137,21.704350399527918],[105.08603979663032,21.750719575860966],[105.1006650924625,21.79569752890154],[105.07587047328394,21.837981836843937],[104.99701593708258,21.92388247503002],[104.9984792019748,21.97432171950593],[104.9823979943403,22.00704506737454],[104.88438130583191,22.088801636178804],[104.84771879953762,22.170573005230857],[104.92963957423169,22.2674110265354],[104.93986036920744,22.332857722272625],[104.9574416071837,22.35331166472148],[105.0204575877176,22.342403882098612],[105.04830373920908,22.357396533112137],[105.08206912807859,22.459621844613046],[105.13493049144594,22.5250241396069],[105.17028414773614,22.636766010438212],[105.1967332121446,22.6476441925655],[105.3434861805805,22.601053012515568],[105.50050406253162,22.581546285925413],[105.56806425263028,22.5922320648314]]]}},{"type":"Feature","id":"10","bbox":[103.544163,21.708776,104.645737,22.824522],"properties":{"code":"10","name":"Lào Cai","regionId":2,"regionName":"Tây Bắc Bộ","macroRegion":"bac","macroRegionName":"Miền Bắc","parent34Code":"10","parent34Name":"Lào Cai","center":[22.3559,104.096]},"geometry":{"type":"Polygon","coordinates":[[[103.55050138368807,22.648028999008098],[103.54416302018512,22.691571328012827],[103.59037719027329,22.768310612815526],[103.64739304944014,22.798784323019717],[103.72607111148363,22.716302542073638],[103.79414601787605,22.659587992533826],[103.86679454619285,22.57561138656073],[103.89472893476324,22.568980875549812],[103.9170235033722,22.53369708481314],[103.95977436811248,22.506716233087914],[103.98602489909335,22.527332978262486],[103.9857160693171,22.569587685709294],[104.00730474129465,22.629691491993526],[104.02428302589824,22.71976580005702],[104.07381343953608,22.78275565466074],[104.21322067115129,22.824388751700273],[104.2411624128116,22.8245219539304],[104.22815479675974,22.78356966828931],[104.24904492519578,22.72778753436041],[104.34034824261579,22.685932433603988],[104.36234868762833,22.69284414932296],[104.38158437083447,22.66155642549019],[104.42275432124397,22.650811445593035],[104.47290974752421,22.593726889858416],[104.44076939152495,22.554091826270835],[104.48241729277863,22.405645340914795],[104.54997012978738,22.370405950921505],[104.59405190380147,22.330992891050805],[104.59431661503825,22.23966056192497],[104.62794964828937,22.25746526001902],[104.64573677278314,22.172985445620988],[104.60919926901732,22.153804324482266],[104.55377167727117,22.095047340747122],[104.47460095820365,22.143888158461472],[104.39854059616833,22.135452017219905],[104.38113583234993,22.09994622276635],[104.44009290725317,21.98836715466075],[104.43592370527386,21.933828241546397],[104.39370226300716,21.89823364560609],[104.3513043465826,21.906240579661684],[104.23268430014467,21.960261484103313],[104.20529404022766,21.89197314078998],[104.1321234425272,21.9147803226378],[104.06926922997133,21.921248030923003],[103.98415721425606,21.973907312567746],[103.91346460785547,21.85350729677798],[103.95186979645857,21.792411873891666],[103.92467806996915,21.719994261444302],[103.87808153920562,21.708775673617794],[103.83412476772001,21.73300367925367],[103.71043108924378,21.861588232072535],[103.64775335084576,22.004188619550643],[103.60499513301558,22.042003252659782],[103.56999442504109,22.033522710674838],[103.58523002733587,22.11815052755079],[103.62266460807076,22.179808359853205],[103.69989411140187,22.215876563722865],[103.77099849083746,22.287317359815944],[103.8011167471113,22.362502618600455],[103.74785096379885,22.4193503703704],[103.65258433091702,22.417219134688317],[103.58773007790548,22.452103318734597],[103.57863430568605,22.481999819274897],[103.61053936280817,22.51771281719754],[103.6025833195249,22.578971042809563],[103.55050138368807,22.648028999008098]]]}},{"type":"Feature","id":"11","bbox":[102.118664,20.826725,103.5692,22.575937],"properties":{"code":"11","name":"Điện Biên","regionId":2,"regionName":"Tây Bắc Bộ","macroRegion":"bac","macroRegionName":"Miền Bắc","parent34Code":"11","parent34Name":"Điện Biên","center":[21.7487,103.226]},"geometry":{"type":"Polygon","coordinates":[[[103.22649482986706,20.82672530594445],[103.14652262399929,20.846320834021355],[103.11580876744269,20.86779599356788],[103.06859457712667,20.931318657092117],[103.01491702077924,21.041092094967063],[102.95211427985274,21.06897576180762],[102.91456940276917,21.158458059959422],[102.88976007741078,21.166331791784888],[102.88745856026877,21.226257995095615],[102.85075193543501,21.25168482080266],[102.80128034651645,21.25513327853825],[102.82845736682606,21.285458986264523],[102.87470094927386,21.305128515580392],[102.88367907205472,21.388365109163875],[102.91642973451657,21.439203960330175],[102.90459125976048,21.45268698606889],[102.84966367812825,21.42609094078626],[102.89525283557401,21.49480849128557],[102.97422502121394,21.57481863085035],[102.96029091583334,21.63325000913406],[102.96225419083947,21.701405150217266],[102.9471656503429,21.736644540210555],[102.86449486047795,21.70562322083805],[102.83517073791444,21.716146197018325],[102.82630291148224,21.820946751635084],[102.78983158552563,21.820473143705733],[102.7866844630439,21.740033796954975],[102.75260289130823,21.680980808263993],[102.7208375428944,21.661474081673838],[102.65093171711426,21.657774019725778],[102.62935039822662,21.729673623500418],[102.63422549683736,21.788341805748807],[102.59148933827692,21.900794088474147],[102.56042253340459,21.92485929138431],[102.4780752794957,21.957686240987464],[102.46572208844587,21.995634076326738],[102.4827886101284,22.0217861141756],[102.42216238381543,22.06170238247124],[102.38899259522869,22.117040508966372],[102.28652728732438,22.199818294868297],[102.22598929809034,22.228767579549896],[102.15422314056282,22.305151658405578],[102.11866359775512,22.39714999868206],[102.1649660049222,22.42519646824833],[102.21798178317769,22.411136232845713],[102.25296043188246,22.494831634110756],[102.32488835738802,22.565502817318638],[102.37895562750072,22.57593699201216],[102.45842047016464,22.56223196255656],[102.50820088885946,22.5671012440802],[102.56762120842707,22.524417329447417],[102.64538013423174,22.435645443189642],[102.70141067935057,22.414658691820264],[102.77701514981145,22.359853374245645],[102.8175380283088,22.29773673426167],[102.82586907917752,22.232438041002368],[102.84530329581126,22.205442389029344],[102.90825309853597,22.20354795731194],[102.92212102610738,22.15603916189889],[102.95166574136819,22.135970025892632],[103.04071901327556,22.147958226604334],[103.09518335024343,22.122709003870796],[103.13955924785395,22.08507197373516],[103.17753060415232,22.088224426514905],[103.2642970650975,22.048278557723687],[103.26681917493683,22.081016705840092],[103.32449681219563,22.149763856834987],[103.36097549124216,22.158303599811102],[103.400718942209,22.13690244150354],[103.41596925068359,22.081164708318013],[103.45891864885145,22.03115467102808],[103.4622863640305,21.99029118687374],[103.49759590178124,21.967454404530336],[103.5510087468919,21.887518266204516],[103.55672945084235,21.75399043062305],[103.56920029133074,21.673684286102425],[103.5610677738896,21.610916435215593],[103.52658913529876,21.56154280858072],[103.46598496825554,21.50510946374896],[103.43605789231937,21.44349603218992],[103.37823319326236,21.40615500701013],[103.4023145627196,21.33277537845627],[103.43898442210379,21.304506905173117],[103.44956551848516,21.266440667851512],[103.4400947386803,21.199558348078437],[103.42161642373493,21.159864083499684],[103.43705791254722,21.072764625242428],[103.37918909495073,21.053139496669935],[103.317886384366,21.081171165988415],[103.2860695643228,21.069952578161907],[103.29093730984363,21.025019025864705],[103.24375253188725,20.963198390836574],[103.22864193212095,20.890810378884794],[103.22649482986706,20.82672530594445]]]}},{"type":"Feature","id":"12","bbox":[102.324888,21.887518,103.801117,22.787388],"properties":{"code":"12","name":"Lai Châu","regionId":2,"regionName":"Tây Bắc Bộ","macroRegion":"bac","macroRegionName":"Miền Bắc","parent34Code":"12","parent34Name":"Lai Châu","center":[22.3502,103.255]},"geometry":{"type":"Polygon","coordinates":[[[103.56999442504109,22.033522710674838],[103.54111148787221,21.99918613579687],[103.53562608279891,21.9637099418389],[103.5510087468919,21.887518266204516],[103.49759590178124,21.967454404530336],[103.4622863640305,21.99029118687374],[103.45891864885145,22.03115467102808],[103.41596925068359,22.081164708318013],[103.400718942209,22.13690244150354],[103.36097549124216,22.158303599811102],[103.32449681219563,22.149763856834987],[103.26681917493683,22.081016705840092],[103.2642970650975,22.048278557723687],[103.17753060415232,22.088224426514905],[103.13955924785395,22.08507197373516],[103.09518335024343,22.122709003870796],[103.04071901327556,22.147958226604334],[102.95166574136819,22.135970025892632],[102.92212102610738,22.15603916189889],[102.90825309853597,22.20354795731194],[102.84530329581126,22.205442389029344],[102.82586907917752,22.232438041002368],[102.8175380283088,22.29773673426167],[102.77701514981145,22.359853374245645],[102.70141067935057,22.414658691820264],[102.64538013423174,22.435645443189642],[102.56762120842707,22.524417329447417],[102.50820088885946,22.5671012440802],[102.45842047016464,22.56223196255656],[102.37895562750072,22.57593699201216],[102.32488835738802,22.565502817318638],[102.38382337302153,22.629143882825215],[102.35684488613951,22.658670377170708],[102.39458094356075,22.68107795232814],[102.44292750972299,22.764950956566686],[102.51525250208373,22.745666233693417],[102.53524555355067,22.69556739491673],[102.58628335062019,22.715414527206107],[102.61313683497373,22.69130492355257],[102.69276344561571,22.670673378130203],[102.75222788372278,22.62519221666469],[102.81267028278798,22.60831993418155],[102.84530329581126,22.58558675357269],[102.89376015832217,22.486765499063992],[102.98977680637488,22.437584275650423],[103.04542499081835,22.440988332642632],[103.04479262508603,22.48595148543542],[103.14235342201998,22.537530348991332],[103.13006640877936,22.578260630915537],[103.14141957960133,22.607002712128043],[103.22885517172837,22.655695527364472],[103.25205417039633,22.67910951937177],[103.30945974332845,22.787388132219704],[103.34479869343882,22.78231164722697],[103.40116012760363,22.737910903850292],[103.40466755149099,22.688877682914644],[103.44805078196357,22.618443303671434],[103.50423574197052,22.580821073783596],[103.55050138368807,22.648028999008098],[103.6025833195249,22.578971042809563],[103.61053936280817,22.51771281719754],[103.57863430568605,22.481999819274897],[103.58773007790548,22.452103318734597],[103.65258433091702,22.417219134688317],[103.74785096379885,22.4193503703704],[103.8011167471113,22.362502618600455],[103.77099849083746,22.287317359815944],[103.69989411140187,22.215876563722865],[103.62266460807076,22.179808359853205],[103.58523002733587,22.11815052755079],[103.56999442504109,22.033522710674838]]]}},{"type":"Feature","id":"14","bbox":[103.226495,20.575328,105.086944,22.042003],"properties":{"code":"14","name":"Sơn La","regionId":2,"regionName":"Tây Bắc Bộ","macroRegion":"bac","macroRegionName":"Miền Bắc","parent34Code":"14","parent34Name":"Sơn La","center":[21.3011,104.159]},"geometry":{"type":"Polygon","coordinates":[[[103.5510087468919,21.887518266204516],[103.53562608279891,21.9637099418389],[103.54111148787221,21.99918613579687],[103.56999442504109,22.033522710674838],[103.60499513301558,22.042003252659782],[103.64775335084576,22.004188619550643],[103.71043108924378,21.861588232072535],[103.83412476772001,21.73300367925367],[103.87808153920562,21.708775673617794],[103.92467806996915,21.719994261444302],[104.01682699272888,21.685124877645816],[104.17012421118523,21.6586916350889],[104.2327725372236,21.669895422667615],[104.30695786133172,21.709752489972082],[104.34944401483521,21.67039863109255],[104.31785514057924,21.563940448723063],[104.31089176443389,21.49574090689648],[104.32861271111845,21.444014040862648],[104.35640003789064,21.416855586163912],[104.44539448507872,21.368088769688526],[104.49052039786012,21.365498726324887],[104.55881589694985,21.403875768850128],[104.60391975046151,21.41352553041066],[104.68988472460643,21.380994585763347],[104.74810649051861,21.38380663284387],[104.77875416926602,21.334773411908223],[104.8282331112745,21.32938612171185],[104.86613828976368,21.250337998253567],[104.87204282096191,21.149444709053956],[104.90840385056985,21.1017583106674],[104.88228567520738,21.060835625521896],[104.88086652885463,21.022650986217947],[104.91284511687586,20.96404200496073],[105.01299420145834,20.860440270415143],[105.08694422668931,20.81270947128521],[105.07677490334295,20.771801586387497],[104.97385370386418,20.72954687894069],[104.85791018215372,20.728126055152636],[104.83910097816238,20.696749529833113],[104.84352018519866,20.625856342908346],[104.77696736841774,20.575328296945685],[104.72772372528641,20.5848152557805],[104.64361172979898,20.641929412010704],[104.61464055555118,20.64321703356863],[104.60011084988781,20.660918129928135],[104.49277779646268,20.701544810117795],[104.45197550054871,20.764135058031123],[104.38961394501686,20.770735968546454],[104.33576726760148,20.81962118700418],[104.2948840876985,20.87944378858036],[104.25997896989284,20.898388105754414],[104.22083847229868,20.89140238879648],[104.19452176350862,20.929453825870297],[104.0927476460559,20.96165916506618],[104.05648220661679,20.95872871600332],[104.01037097978737,20.908023067067152],[103.95239186584223,20.900874547383506],[103.77593976725738,20.834258632070693],[103.75318195398405,20.779571716478415],[103.75922619389057,20.749616014946948],[103.70729131985195,20.72196915207107],[103.71496059262871,20.67158910858633],[103.66581989275612,20.658949696971767],[103.57822988574097,20.73321734039316],[103.49692677059937,20.74889080280513],[103.42663123105397,20.820509201871715],[103.36320347748507,20.787193844091412],[103.26275291621626,20.82573368934237],[103.22649482986706,20.82672530594445],[103.22864193212095,20.890810378884794],[103.24375253188725,20.963198390836574],[103.29093730984363,21.025019025864705],[103.2860695643228,21.069952578161907],[103.317886384366,21.081171165988415],[103.37918909495073,21.053139496669935],[103.43705791254722,21.072764625242428],[103.42161642373493,21.159864083499684],[103.4400947386803,21.199558348078437],[103.44956551848516,21.266440667851512],[103.43898442210379,21.304506905173117],[103.4023145627196,21.33277537845627],[103.37823319326236,21.40615500701013],[103.43605789231937,21.44349603218992],[103.46598496825554,21.50510946374896],[103.52658913529876,21.56154280858072],[103.5610677738896,21.610916435215593],[103.56920029133074,21.673684286102425],[103.55672945084235,21.75399043062305],[103.5510087468919,21.887518266204516]]]}},{"type":"Feature","id":"15","bbox":[103.913465,21.329386,105.112276,22.264407],"properties":{"code":"15","name":"Yên Bái","regionId":2,"regionName":"Tây Bắc Bộ","macroRegion":"bac","macroRegionName":"Miền Bắc","parent34Code":"10","parent34Name":"Lào Cai","center":[21.7484,104.512]},"geometry":{"type":"Polygon","coordinates":[[[105.11227562143137,21.704350399527918],[105.07287041260041,21.678479566387104],[104.9984792019748,21.66076366977981],[104.92266149190652,21.62121740767898],[104.890624079166,21.56666369431683],[104.88774902101096,21.523032563825346],[104.9198673177405,21.397615264034016],[104.89514622946103,21.36487711591761],[104.8282331112745,21.32938612171185],[104.77875416926602,21.334773411908223],[104.74810649051861,21.38380663284387],[104.68988472460643,21.380994585763347],[104.60391975046151,21.41352553041066],[104.55881589694985,21.403875768850128],[104.49052039786012,21.365498726324887],[104.44539448507872,21.368088769688526],[104.35640003789064,21.416855586163912],[104.32861271111845,21.444014040862648],[104.31089176443389,21.49574090689648],[104.31785514057924,21.563940448723063],[104.34944401483521,21.67039863109255],[104.30695786133172,21.709752489972082],[104.2327725372236,21.669895422667615],[104.17012421118523,21.6586916350889],[104.01682699272888,21.685124877645816],[103.92467806996915,21.719994261444302],[103.95186979645857,21.792411873891666],[103.91346460785547,21.85350729677798],[103.98415721425606,21.973907312567746],[104.06926922997133,21.921248030923003],[104.1321234425272,21.9147803226378],[104.20529404022766,21.89197314078998],[104.23268430014467,21.960261484103313],[104.3513043465826,21.906240579661684],[104.39370226300716,21.89823364560609],[104.43592370527386,21.933828241546397],[104.44009290725317,21.98836715466075],[104.38113583234993,22.09994622276635],[104.39854059616833,22.135452017219905],[104.47460095820365,22.143888158461472],[104.55377167727117,22.095047340747122],[104.60919926901732,22.153804324482266],[104.64573677278314,22.172985445620988],[104.62794964828937,22.25746526001902],[104.6894435392118,22.264406576233576],[104.77012899480088,22.181377186119185],[104.84771879953762,22.170573005230857],[104.88438130583191,22.088801636178804],[104.9823979943403,22.00704506737454],[104.9984792019748,21.97432171950593],[104.99701593708258,21.92388247503002],[105.07587047328394,21.837981836843937],[105.1006650924625,21.79569752890154],[105.08603979663032,21.750719575860966],[105.11227562143137,21.704350399527918]]]}},{"type":"Feature","id":"17","bbox":[104.839101,20.320483,105.841717,21.101758],"properties":{"code":"17","name":"Hòa Bình","regionId":2,"regionName":"Tây Bắc Bộ","macroRegion":"bac","macroRegionName":"Miền Bắc","parent34Code":"25","parent34Name":"Phú Thọ","center":[20.7292,105.34]},"geometry":{"type":"Polygon","coordinates":[[[105.78607601538988,20.568238978253206],[105.80884118175311,20.49314252095545],[105.84171684674344,20.4193632857112],[105.77096541562358,20.441504456408367],[105.70426553704445,20.407700690450923],[105.71550841151777,20.335401479985894],[105.69519917718468,20.32048283021133],[105.65623515374837,20.33426186090589],[105.60146934009417,20.376723771821794],[105.56245384502849,20.385041511081024],[105.54215196378529,20.367384815464895],[105.45545168064932,20.38535231628466],[105.30809575884075,20.45658590890865],[105.21269677034053,20.51808093848535],[105.16499727609042,20.57676392098153],[105.13749671982474,20.590424549693758],[105.06653940218737,20.575461499175816],[104.93912506021637,20.59046895043713],[104.84352018519866,20.625856342908346],[104.83910097816238,20.696749529833113],[104.85791018215372,20.728126055152636],[104.97385370386418,20.72954687894069],[105.07677490334295,20.771801586387497],[105.08694422668931,20.81270947128521],[105.01299420145834,20.860440270415143],[104.91284511687586,20.96404200496073],[104.88086652885463,21.022650986217947],[104.88228567520738,21.060835625521896],[104.90840385056985,21.1017583106674],[104.94183835039338,21.05404231178526],[105.04204625969514,21.009064358744684],[105.11460655093302,20.950396176496298],[105.21038054701869,20.938037969589786],[105.29596316048824,20.916089202113916],[105.33225065919709,20.918753246716516],[105.3294858973907,20.98147669685997],[105.30776486979477,21.011506399630402],[105.37603830961476,21.022280980023144],[105.4645842183183,21.01115119368339],[105.50515856844503,20.987870403906214],[105.53103409184045,20.91552679269781],[105.50758508811553,20.8460544295611],[105.53212970223713,20.8146335034982],[105.61312398760248,20.761189808720466],[105.67925032516857,20.638229350062648],[105.75438419787515,20.601110328599745],[105.78607601538988,20.568238978253206]]]}},{"type":"Feature","id":"19","bbox":[105.517718,21.328306,106.255725,22.030015],"properties":{"code":"19","name":"Thái Nguyên","regionId":1,"regionName":"Đông Bắc Bộ","macroRegion":"bac","macroRegionName":"Miền Bắc","parent34Code":"19","parent34Name":"Thái Nguyên","center":[21.5812,105.887]},"geometry":{"type":"Polygon","coordinates":[[[105.92100521524952,21.328305703623016],[105.84845963019147,21.364137103528],[105.77277427574158,21.363130686678126],[105.7395750747952,21.417817602270407],[105.63651416660812,21.489139996381148],[105.57700560996157,21.543886112964593],[105.52186478872193,21.60813398863065],[105.51771764601234,21.672233861818786],[105.53448269100853,21.86712352474683],[105.55817434670051,21.950197315604598],[105.58450576167039,21.95693142835006],[105.62711691770237,22.009931115694027],[105.71786140028917,22.030015051948077],[105.7731345771472,21.977962580462815],[105.77846556733239,21.882515782450746],[105.80130426459475,21.788341805748807],[105.83940797651151,21.814049836163903],[105.89933565928295,21.82600843638002],[106.0019627351653,21.88811027611621],[106.02557350686827,21.922047244303783],[106.11343557821012,21.948746891320962],[106.11742830603158,21.898278046349468],[106.14151702857873,21.805421291701037],[106.18077517561146,21.786062567588804],[106.25296045926389,21.695573852587128],[106.25572522107028,21.677828355484248],[106.20867279873231,21.631829185346007],[106.16736313961451,21.570778163203073],[106.14444355836315,21.621380210404695],[106.0672581735715,21.632791201452502],[106.03938260972039,21.608444793834288],[106.07214062527214,21.503259432774932],[106.0512504968361,21.43387587112497],[106.01906602229738,21.41226750934832],[105.97099887355174,21.40846384566572],[105.92100521524952,21.328305703623016]]]}},{"type":"Feature","id":"20","bbox":[106.113436,21.360393,107.333651,22.440885],"properties":{"code":"20","name":"Lạng Sơn","regionId":1,"regionName":"Đông Bắc Bộ","macroRegion":"bac","macroRegionName":"Miền Bắc","parent34Code":"20","parent34Name":"Lạng Sơn","center":[21.7826,106.724]},"geometry":{"type":"Polygon","coordinates":[[[106.53330436519572,22.40329210151583],[106.55596658830021,22.33220651136977],[106.61738694832351,22.323429964428975],[106.63905650429007,22.29732232732349],[106.66307904902803,22.22348389108807],[106.6392844500773,22.191012147431923],[106.67177775439228,22.09256089911803],[106.64872581752252,21.996033683017124],[106.67462340018768,21.96169710813916],[106.72193318067252,22.00754827579948],[106.7814564434989,21.975564940320474],[106.86463459656768,21.967824410725143],[106.92092249983338,21.916748755594167],[106.9708352741466,21.93524906533445],[107.00870368718623,21.927967343420676],[107.02135100183247,21.892387547728163],[106.98711501520867,21.845100756031997],[107.00268885963933,21.81085298264078],[107.06523424241897,21.796452341538945],[107.17197169556135,21.714695772734686],[107.21264898894682,21.70461680398818],[107.27265020261738,21.718795441373132],[107.30279051816096,21.688395732407898],[107.33365143651578,21.61303287064988],[107.24097309128248,21.555711510950584],[107.22451687606255,21.52732463568509],[107.24573054045464,21.48615034632712],[107.24206870167917,21.437146725887054],[107.21539904457339,21.406169807257925],[107.127581091771,21.370516010326448],[107.06488129410326,21.360392640836565],[107.0243584156059,21.375873700027235],[106.9962107874281,21.445716069358753],[106.9219666386007,21.44522766118161],[106.85767857351226,21.541355270592124],[106.83939879199448,21.593333740838425],[106.81169234921131,21.59228292324518],[106.74706604198698,21.54936220464772],[106.68207943335703,21.5990910372296],[106.63118134499581,21.609140405480524],[106.55952548381694,21.58665882908413],[106.52265709100516,21.544744527336544],[106.48984025073412,21.47007727722476],[106.46032494783293,21.43081221983198],[106.39899282488855,21.410891086303643],[106.35252864974343,21.423530497918208],[106.29185830489101,21.47718139616503],[106.1654807485974,21.517630473381182],[106.16736313961451,21.570778163203073],[106.20867279873231,21.631829185346007],[106.25572522107028,21.677828355484248],[106.25296045926389,21.695573852587128],[106.18077517561146,21.786062567588804],[106.14151702857873,21.805421291701037],[106.11742830603158,21.898278046349468],[106.11343557821012,21.948746891320962],[106.11996512205074,22.03593515106497],[106.13338451113759,22.068554897199036],[106.1907827309798,22.11177162075234],[106.23981313450373,22.19863427504492],[106.2594091191155,22.262541745011756],[106.2203862709599,22.321446731224817],[106.19327542845949,22.406163349587523],[106.22576873277447,22.434535424605222],[106.28593906751297,22.44088473090809],[106.39821339735803,22.37862008844619],[106.49645803165366,22.384554987810873],[106.53330436519572,22.40329210151583]]]}},{"type":"Feature","id":"22","bbox":[106.441075,20.703765,107.998018,21.657138],"properties":{"code":"22","name":"Quảng Ninh","regionId":1,"regionName":"Đông Bắc Bộ","macroRegion":"bac","macroRegionName":"Miền Bắc","parent34Code":"22","parent34Name":"Quảng Ninh","center":[21.223,107.181]},"geometry":{"type":"MultiPolygon","coordinates":[[[[106.76636054991242,20.845876826587592],[106.80649371464452,20.807307380841046],[106.78045642327105,20.811658653691964],[106.74768370153947,20.861061880822415],[106.76636054991242,20.845876826587592]]],[[[107.3454531458223,20.88798353155648],[107.3816965259917,20.88748032313154],[107.38859372432785,20.86559075664684],[107.36095345935387,20.85915264885722],[107.3454531458223,20.88798353155648]]],[[[106.84072234817839,20.880539006916987],[106.88606885365711,20.795541183846225],[106.84695776842258,20.797332013829084],[106.81996457536074,20.842591171577716],[106.7708532878478,20.858101831263973],[106.78475062777885,20.930193838259907],[106.82518526919728,20.914771980060408],[106.84072234817839,20.880539006916987]]],[[[107.47762493696548,20.81390829135638],[107.47006596053737,20.88349905647543],[107.51665513821098,20.895087650496745],[107.54958227483068,20.955901868675006],[107.54461158605112,20.919197254150284],[107.47762493696548,20.81390829135638]]],[[[106.762117817034,20.979493463655814],[106.76028689764625,20.946799716282786],[106.6937046685057,20.96111155589787],[106.69252817412001,20.98565036673738],[106.762117817034,20.979493463655814]]],[[[107.79244748148814,20.991600066349857],[107.7377993172725,20.938008369094206],[107.75891739149577,20.982616315939975],[107.74508622937391,21.019616935420544],[107.79244748148814,20.991600066349857]]],[[[107.53215545174254,21.040633287285505],[107.55817803693618,21.034801989655367],[107.52918480341866,20.950766182691105],[107.49814741090599,20.91579319715807],[107.39488796929132,20.89683407973623],[107.4917134572342,20.964944820076056],[107.50424312244188,21.020608552022622],[107.53215545174254,21.040633287285505]]],[[[107.58137703560415,21.11755017506171],[107.57207537686723,21.083642807369714],[107.52229495817242,21.058497186370722],[107.55372206445035,21.113879713609236],[107.58137703560415,21.11755017506171]]],[[[107.58964926175358,21.00844274833741],[107.56657526561409,21.016967691065734],[107.59092134630812,21.081985179616986],[107.6320839436277,21.11131927074118],[107.58964926175358,21.00844274833741]]],[[[107.80930076356324,21.346865214354473],[107.71115907252637,21.307614957209488],[107.72599760796598,21.32371762680743],[107.78332229690908,21.356825781118637],[107.80930076356324,21.346865214354473]]],[[[107.99790016668042,21.398074071715577],[107.84133082321385,21.34904085077993],[107.86829460391606,21.389445527252708],[107.99801781611899,21.403520562903115],[107.99790016668042,21.398074071715577]]],[[[106.6507920357874,21.0174116984995],[106.64353453604564,21.01748569973846],[106.60587936261341,21.026025442714577],[106.57701113162436,21.04128449818836],[106.4783914897433,21.053080295678768],[106.44510405171798,21.064269283009693],[106.44107455844697,21.098383854170773],[106.49514182855967,21.130633594110037],[106.54519431158117,21.194245059121027],[106.75991189006082,21.16215812190748],[106.82385435992346,21.16283893330592],[106.96379836710214,21.198078323299214],[106.98777679330063,21.25230643120993],[106.99879907507663,21.314867078627678],[107.06488129410326,21.360392640836565],[107.127581091771,21.370516010326448],[107.21539904457339,21.406169807257925],[107.24206870167917,21.437146725887054],[107.24573054045464,21.48615034632712],[107.22451687606255,21.52732463568509],[107.24097309128248,21.555711510950584],[107.33365143651578,21.61303287064988],[107.34799731493138,21.59920943921194],[107.40996180360807,21.646007822730958],[107.44641107029494,21.646836636607325],[107.46158049478053,21.596204988910117],[107.50941234464904,21.581863548799447],[107.53318488433003,21.608740798790134],[107.61326003345654,21.606150755426494],[107.69082777892355,21.62534667681301],[107.74532888134097,21.657137609070716],[107.83241152515228,21.639332910976666],[107.85496345190812,21.6008078659735],[107.99095884980481,21.48536593319413],[107.9289870080382,21.442889222030438],[107.91884709705148,21.517970879080405],[107.86230918872882,21.529855478057563],[107.84849273278678,21.493313666258558],[107.82085246781281,21.49378727418791],[107.78358700814586,21.52437938637444],[107.78671207135787,21.458932690637212],[107.76771904011876,21.455173427697986],[107.74796864061888,21.410535880356633],[107.63547371807648,21.383732631604907],[107.64201061500702,21.342765545716023],[107.60842905338528,21.335113817607443],[107.59906121683916,21.29848320432168],[107.5627001872312,21.297669190693107],[107.53445696888457,21.34578479626564],[107.50456665839795,21.29855720556064],[107.41491778620782,21.328468506348734],[107.44343306888115,21.293998729240634],[107.3674977093743,21.27327838233152],[107.35457097731147,21.191714216748558],[107.3878731215166,21.18443249483478],[107.37516698215107,21.116484557220666],[107.35430626607469,21.082710391758805],[107.37376254197815,21.027934674679774],[107.3342249775288,21.00531989605325],[107.24566436264546,21.002419047485972],[107.19269270292943,20.952690214904095],[107.14887564015213,20.931451859322245],[107.06665338877171,20.96516682379294],[107.09471277987059,21.00025821130831],[107.14888299324204,21.033662370575364],[107.12280158332912,21.036711221620564],[107.05717525587694,21.01434804720651],[107.02550549763195,21.03381037305329],[107.03955725245113,20.999562599662077],[107.01722591839261,20.95758909692332],[106.94754068530979,20.954303441913446],[106.87408331710282,20.997386963236618],[106.85370055187062,20.992162475765962],[106.92267253523211,20.93824517305888],[106.94254058417057,20.9039381986765],[106.88750270618968,20.910006300271313],[106.868311141523,20.88296624755491],[106.83272218635565,20.93786036661628],[106.8065451862739,20.932695080136796],[106.77202242914359,20.95758909692332],[106.81714098883508,20.969384894413725],[106.78574329491678,21.013326830108845],[106.73077894783499,21.03024351333536],[106.71743308964723,21.00585270497377],[106.6507920357874,21.0174116984995]]],[[[106.94790098671541,20.869808827267622],[106.99405633208428,20.85156012173981],[107.02319662740003,20.862127498663455],[107.04308673560821,20.83190539267173],[107.08788175934365,20.821826423925224],[107.09466130824121,20.787667452020763],[107.03641012996938,20.766562298669047],[107.06805782894465,20.74983801866383],[107.04571178870631,20.703764847286628],[106.9971152174871,20.753404878381758],[106.98541645143932,20.745353543582787],[106.90954726974168,20.818451967428594],[106.94790098671541,20.869808827267622]]],[[[107.4464404826546,21.21221255994079],[107.4517861790196,21.27207956226035],[107.46784532738437,21.275927626686325],[107.52377292924444,21.231512083061855],[107.52909656633973,21.20281440259273],[107.60348042387544,21.21939068012002],[107.54718516751983,21.1562232225428],[107.52402293430141,21.160648496632675],[107.47066156082013,21.096045415019603],[107.38859372432785,21.048166613411748],[107.37280664028977,21.059296399751503],[107.40292489656362,21.12699273315315],[107.4185722718934,21.196257892820768],[107.4464404826546,21.21221255994079]]]]}},{"type":"Feature","id":"24","bbox":[105.921005,21.133623,107.064881,21.632791],"properties":{"code":"24","name":"Bắc Giang","regionId":1,"regionName":"Đông Bắc Bộ","macroRegion":"bac","macroRegionName":"Miền Bắc","parent34Code":"27","parent34Name":"Bắc Ninh","center":[21.3512,106.493]},"geometry":{"type":"Polygon","coordinates":[[[105.94522629341506,21.247747954889928],[105.94112326924494,21.288655839787644],[105.92100521524952,21.328305703623016],[105.97099887355174,21.40846384566572],[106.01906602229738,21.41226750934832],[106.0512504968361,21.43387587112497],[106.07214062527214,21.503259432774932],[106.03938260972039,21.608444793834288],[106.0672581735715,21.632791201452502],[106.14444355836315,21.621380210404695],[106.16736313961451,21.570778163203073],[106.1654807485974,21.517630473381182],[106.29185830489101,21.47718139616503],[106.35252864974343,21.423530497918208],[106.39899282488855,21.410891086303643],[106.46032494783293,21.43081221983198],[106.48984025073412,21.47007727722476],[106.52265709100516,21.544744527336544],[106.55952548381694,21.58665882908413],[106.63118134499581,21.609140405480524],[106.68207943335703,21.5990910372296],[106.74706604198698,21.54936220464772],[106.81169234921131,21.59228292324518],[106.83939879199448,21.593333740838425],[106.85767857351226,21.541355270592124],[106.9219666386007,21.44522766118161],[106.9962107874281,21.445716069358753],[107.0243584156059,21.375873700027235],[107.06488129410326,21.360392640836565],[106.99879907507663,21.314867078627678],[106.98777679330063,21.25230643120993],[106.96379836710214,21.198078323299214],[106.82385435992346,21.16283893330592],[106.75991189006082,21.16215812190748],[106.54519431158117,21.194245059121027],[106.51345837552698,21.217703451871706],[106.45837637900662,21.233184511062376],[106.38558078889162,21.222883538598985],[106.33002819461697,21.187895752818164],[106.29757900884147,21.133623244164067],[106.21370231223116,21.181946053205685],[106.02931622963277,21.211798153002608],[105.94522629341506,21.247747954889928]]]}},{"type":"Feature","id":"25","bbox":[104.828233,20.916089,105.458209,21.70435],"properties":{"code":"25","name":"Phú Thọ","regionId":1,"regionName":"Đông Bắc Bộ","macroRegion":"bac","macroRegionName":"Miền Bắc","parent34Code":"25","parent34Name":"Phú Thọ","center":[21.3127,105.143]},"geometry":{"type":"Polygon","coordinates":[[[104.8282331112745,21.32938612171185],[104.89514622946103,21.36487711591761],[104.9198673177405,21.397615264034016],[104.88774902101096,21.523032563825346],[104.890624079166,21.56666369431683],[104.92266149190652,21.62121740767898],[104.9984792019748,21.66076366977981],[105.07287041260041,21.678479566387104],[105.11227562143137,21.704350399527918],[105.17641662472158,21.667482982277484],[105.23321924428103,21.618331359359495],[105.3175591855557,21.514581622335985],[105.34359647692916,21.434097874841854],[105.39158274168578,21.4094554622678],[105.45101041434332,21.32340682160379],[105.4582090893658,21.300214833313373],[105.42904673478033,21.277111646509706],[105.41459056001608,21.307141349280133],[105.3534716766791,21.301828060322727],[105.34313323226479,21.237772587877966],[105.28488205399296,21.19152181352726],[105.30655160995951,21.126045517294443],[105.28461734275618,21.053820308068378],[105.30776486979477,21.011506399630402],[105.3294858973907,20.98147669685997],[105.33225065919709,20.918753246716516],[105.29596316048824,20.916089202113916],[105.21038054701869,20.938037969589786],[105.11460655093302,20.950396176496298],[105.04204625969514,21.009064358744684],[104.94183835039338,21.05404231178526],[104.90840385056985,21.1017583106674],[104.87204282096191,21.149444709053956],[104.86613828976368,21.250337998253567],[104.8282331112745,21.32938612171185]]]}},{"type":"Feature","id":"26","bbox":[105.317559,21.105518,105.780539,21.543886],"properties":{"code":"26","name":"Vĩnh Phúc","regionId":3,"regionName":"Đồng bằng sông Hồng","macroRegion":"bac","macroRegionName":"Miền Bắc","parent34Code":"25","parent34Name":"Phú Thọ","center":[21.3455,105.549]},"geometry":{"type":"Polygon","coordinates":[[[105.42904673478033,21.277111646509706],[105.4582090893658,21.300214833313373],[105.45101041434332,21.32340682160379],[105.39158274168578,21.4094554622678],[105.34359647692916,21.434097874841854],[105.3175591855557,21.514581622335985],[105.39326659927531,21.495341300206093],[105.4602826607206,21.49652532002947],[105.53903425366319,21.520827326904303],[105.57700560996157,21.543886112964593],[105.63651416660812,21.489139996381148],[105.7395750747952,21.417817602270407],[105.77277427574158,21.363130686678126],[105.76643591223865,21.263643421018777],[105.78053913868719,21.179060004886203],[105.76271524874387,21.105517573606626],[105.65689693184032,21.16050049415475],[105.51448963954158,21.167797016316317],[105.45647376014689,21.208867703939745],[105.42904673478033,21.277111646509706]]]}},{"type":"Feature","id":"27","bbox":[105.917248,20.985562,106.314462,21.247748],"properties":{"code":"27","name":"Bắc Ninh","regionId":3,"regionName":"Đồng bằng sông Hồng","macroRegion":"bac","macroRegionName":"Miền Bắc","parent34Code":"27","parent34Name":"Bắc Ninh","center":[21.098,106.117]},"geometry":{"type":"Polygon","coordinates":[[[106.29757900884147,21.133623244164067],[106.31446170327621,21.07078139203827],[106.30669684033062,21.013593234569107],[106.27891686664834,20.990623249995572],[106.2266216912041,20.985561565250627],[106.15269372524286,20.998348979343113],[106.07722896349028,21.001560633114025],[106.00456572899367,20.991096857924923],[106.01074232451857,21.045591370295902],[105.9284759545987,21.12786594777289],[105.9172477863052,21.19199542145661],[105.94522629341506,21.247747954889928],[106.02931622963277,21.211798153002608],[106.21370231223116,21.181946053205685],[106.29757900884147,21.133623244164067]]]}},{"type":"Feature","id":"30","bbox":[106.122421,20.696335,106.605879,21.233185],"properties":{"code":"30","name":"Hải Dương","regionId":3,"regionName":"Đồng bằng sông Hồng","macroRegion":"bac","macroRegionName":"Miền Bắc","parent34Code":"31","parent34Name":"Hải Phòng","center":[20.9613,106.364]},"geometry":{"type":"Polygon","coordinates":[[[106.15269372524286,20.998348979343113],[106.2266216912041,20.985561565250627],[106.27891686664834,20.990623249995572],[106.30669684033062,21.013593234569107],[106.31446170327621,21.07078139203827],[106.29757900884147,21.133623244164067],[106.33002819461697,21.187895752818164],[106.38558078889162,21.222883538598985],[106.45837637900662,21.233184511062376],[106.51345837552698,21.217703451871706],[106.54519431158117,21.194245059121027],[106.49514182855967,21.130633594110037],[106.44107455844697,21.098383854170773],[106.44510405171798,21.064269283009693],[106.4783914897433,21.053080295678768],[106.57701113162436,21.04128449818836],[106.60587936261341,21.026025442714577],[106.58634955581084,20.96350919604021],[106.53673825818397,20.936705947288488],[106.53479704244756,20.889004748654138],[106.49680362687945,20.860721475123192],[106.50657588337066,20.82246283458029],[106.54118687757989,20.804436132769354],[106.53517205003301,20.782679768514782],[106.46065583687891,20.720622329521973],[106.41717701623749,20.719630712919894],[106.25760025899748,20.69633512289493],[106.19145186216167,20.75951738071995],[106.13809784177029,20.795319180129344],[106.12242105408087,20.83223099812316],[106.15939239015141,20.926049768878084],[106.15269372524286,20.998348979343113]]]}},{"type":"Feature","id":"31","bbox":[106.417177,20.600592,106.806405,21.026025],"properties":{"code":"31","name":"Hải Phòng","regionId":3,"regionName":"Đồng bằng sông Hồng","macroRegion":"bac","macroRegionName":"Miền Bắc","parent34Code":"31","parent34Name":"Hải Phòng","center":[20.79,106.635]},"geometry":{"type":"Polygon","coordinates":[[[106.60587936261341,21.026025442714577],[106.64353453604564,21.01748569973846],[106.6507920357874,21.0174116984995],[106.67626313923775,20.958551113029813],[106.75583827825034,20.938674380244855],[106.73778644251979,20.8829810478027],[106.71771986015375,20.90362739347286],[106.7000797974582,20.883351053997508],[106.75307351644395,20.825570886616656],[106.72513177478365,20.790420298110117],[106.78820658003683,20.73116010595004],[106.80640547756559,20.677820012906857],[106.76772087154588,20.713651412811835],[106.74145563438519,20.697563543461683],[106.66317463919687,20.691525042362457],[106.70337398173815,20.659793311095925],[106.65381415574066,20.63028161699822],[106.59318057633779,20.64721310047253],[106.5377971031311,20.612269715435083],[106.46964131274967,20.600592319927017],[106.44818499639052,20.628031979333805],[106.41717701623749,20.719630712919894],[106.46065583687891,20.720622329521973],[106.53517205003301,20.782679768514782],[106.54118687757989,20.804436132769354],[106.50657588337066,20.82246283458029],[106.49680362687945,20.860721475123192],[106.53479704244756,20.889004748654138],[106.53673825818397,20.936705947288488],[106.58634955581084,20.96350919604021],[106.60587936261341,21.026025442714577]]]}},{"type":"Feature","id":"33","bbox":[105.896644,20.617228,106.2576,21.001561],"properties":{"code":"33","name":"Hưng Yên","regionId":3,"regionName":"Đồng bằng sông Hồng","macroRegion":"bac","macroRegionName":"Miền Bắc","parent34Code":"33","parent34Name":"Hưng Yên","center":[20.8085,106.076]},"geometry":{"type":"Polygon","coordinates":[[[106.00456572899367,20.991096857924923],[106.07722896349028,21.001560633114025],[106.15269372524286,20.998348979343113],[106.15939239015141,20.926049768878084],[106.12242105408087,20.83223099812316],[106.13809784177029,20.795319180129344],[106.19145186216167,20.75951738071995],[106.25760025899748,20.69633512289493],[106.2066580520968,20.666705026814892],[106.1385831457044,20.66716383449645],[106.11225173073451,20.631894844007576],[106.06001538000956,20.617227798445477],[106.03129421081873,20.652837194633577],[106.03022801278168,20.70875253079261],[106.00707313265318,20.712970601413396],[105.96807234376732,20.73228492478225],[105.9568221162041,20.786883038887773],[105.92065962002373,20.800706470325714],[105.91220356662653,20.84029713316992],[105.92408615992207,20.886577508016217],[105.89664442837568,20.907179452942994],[105.91296093488731,20.965714432961253],[106.00456572899367,20.991096857924923]]]}},{"type":"Feature","id":"34","bbox":[106.112252,20.264271,106.627615,20.719631],"properties":{"code":"34","name":"Thái Bình","regionId":3,"regionName":"Đồng bằng sông Hồng","macroRegion":"bac","macroRegionName":"Miền Bắc","parent34Code":"33","parent34Name":"Hưng Yên","center":[20.5303,106.371]},"geometry":{"type":"Polygon","coordinates":[[[106.1850252615798,20.490981684777783],[106.16809109551566,20.547000622671362],[106.13645810272023,20.57583150537062],[106.11225173073451,20.631894844007576],[106.1385831457044,20.66716383449645],[106.2066580520968,20.666705026814892],[106.25760025899748,20.69633512289493],[106.41717701623749,20.719630712919894],[106.44818499639052,20.628031979333805],[106.46964131274967,20.600592319927017],[106.5377971031311,20.612269715435083],[106.59318057633779,20.64721310047253],[106.62761509638916,20.616902192994047],[106.62154879721291,20.59106096034882],[106.51828200250834,20.54155413148382],[106.56731240603227,20.524770650487437],[106.57985677741976,20.478297872419844],[106.56226818635359,20.455283487102932],[106.5940114754977,20.448179368162663],[106.5729448729038,20.367947224881],[106.59223202773933,20.27507566998478],[106.58201123276358,20.26427148909645],[106.54906203687415,20.29182955048558],[106.52182619184526,20.313881919695994],[106.50291404459517,20.30041369420507],[106.45077328403906,20.287211873174403],[106.34885210478812,20.364380365163072],[106.27773301917273,20.32946658062121],[106.26485040564934,20.34454803312149],[106.2725785031454,20.405850659476894],[106.2191362456751,20.413043579903917],[106.21527587347204,20.474420207498284],[106.1850252615798,20.490981684777783]]]}},{"type":"Feature","id":"35","bbox":[105.786076,20.337,106.185025,20.712971],"properties":{"code":"35","name":"Hà Nam","regionId":3,"regionName":"Đồng bằng sông Hồng","macroRegion":"bac","macroRegionName":"Miền Bắc","parent34Code":"37","parent34Name":"Ninh Bình","center":[20.5569,105.985]},"geometry":{"type":"Polygon","coordinates":[[[105.95113082461327,20.336999906747455],[105.90213718653891,20.36316674484411],[105.84171684674344,20.4193632857112],[105.80884118175311,20.49314252095545],[105.78607601538988,20.568238978253206],[105.81689281520524,20.647168699729153],[105.92136551665514,20.678012416128155],[105.98661683652188,20.687188569759336],[106.00707313265318,20.712970601413396],[106.03022801278168,20.70875253079261],[106.03129421081873,20.652837194633577],[106.06001538000956,20.617227798445477],[106.11225173073451,20.631894844007576],[106.13645810272023,20.57583150537062],[106.16809109551566,20.547000622671362],[106.1850252615798,20.490981684777783],[106.07067000729002,20.483551960386087],[106.02679411979344,20.41292517792158],[105.96898412691624,20.41871207480834],[105.95291027237165,20.391524019614018],[105.95113082461327,20.336999906747455]]]}},{"type":"Feature","id":"36","bbox":[105.951131,19.965232,106.570129,20.490982],"properties":{"code":"36","name":"Nam Định","regionId":3,"regionName":"Đồng bằng sông Hồng","macroRegion":"bac","macroRegionName":"Miền Bắc","parent34Code":"37","parent34Name":"Ninh Bình","center":[20.2343,106.254]},"geometry":{"type":"Polygon","coordinates":[[[106.50291404459517,20.30041369420507],[106.54906203687415,20.29182955048558],[106.57012863946804,20.231666543210174],[106.50499496903987,20.217236301612754],[106.39512509959557,20.20450808851144],[106.36029351268903,20.184335350770635],[106.30479239004377,20.10841007959651],[106.25967383035228,20.0610196861658],[106.16099536375192,19.98398439640726],[106.10750898774216,19.96523248245451],[106.11375176107627,20.03337282328992],[106.15194371007198,20.127191594044845],[106.1554952524988,20.217162300373793],[106.09364106017077,20.252993700278775],[106.05743444545094,20.239584675779017],[105.96380019852926,20.282386992394137],[105.95113082461327,20.336999906747455],[105.95291027237165,20.391524019614018],[105.96898412691624,20.41871207480834],[106.02679411979344,20.41292517792158],[106.07067000729002,20.483551960386087],[106.1850252615798,20.490981684777783],[106.21527587347204,20.474420207498284],[106.2191362456751,20.413043579903917],[106.2725785031454,20.405850659476894],[106.26485040564934,20.34454803312149],[106.27773301917273,20.32946658062121],[106.34885210478812,20.364380365163072],[106.45077328403906,20.287211873174403],[106.50291404459517,20.30041369420507]]]}},{"type":"Feature","id":"37","bbox":[105.542152,19.965395,106.155495,20.441504],"properties":{"code":"37","name":"Ninh Bình","regionId":3,"regionName":"Đồng bằng sông Hồng","macroRegion":"bac","macroRegionName":"Miền Bắc","parent34Code":"37","parent34Name":"Ninh Bình","center":[20.2722,105.852]},"geometry":{"type":"Polygon","coordinates":[[[106.11375176107627,20.03337282328992],[106.08299378598021,19.96539528518022],[106.03416191588386,19.995676592163118],[106.07047882695235,20.03363922775018],[106.05050048166522,20.06648097760113],[105.9827491112289,20.0777735666666],[105.91949047872794,20.119021857263537],[105.86183490073886,20.134310513232908],[105.75530333411398,20.196160748756625],[105.54215196378529,20.367384815464895],[105.56245384502849,20.385041511081024],[105.60146934009417,20.376723771821794],[105.65623515374837,20.33426186090589],[105.69519917718468,20.32048283021133],[105.71550841151777,20.335401479985894],[105.70426553704445,20.407700690450923],[105.77096541562358,20.441504456408367],[105.84171684674344,20.4193632857112],[105.90213718653891,20.36316674484411],[105.95113082461327,20.336999906747455],[105.96380019852926,20.282386992394137],[106.05743444545094,20.239584675779017],[106.09364106017077,20.252993700278775],[106.1554952524988,20.217162300373793],[106.15194371007198,20.127191594044845],[106.11375176107627,20.03337282328992]]]}},{"type":"Feature","id":"38","bbox":[104.359113,19.274179,106.070479,20.643217],"properties":{"code":"38","name":"Thanh Hóa","regionId":4,"regionName":"Bắc Trung Bộ","macroRegion":"trung","macroRegionName":"Miền Trung","parent34Code":"38","parent34Name":"Thanh Hoá","center":[20.0917,105.215]},"geometry":{"type":"Polygon","coordinates":[[[106.03416191588386,19.995676592163118],[105.95585150833588,19.925212612424325],[105.95699859036195,19.87612019049751],[105.93521873804673,19.848976536046564],[105.92913037960074,19.79310560063091],[105.86707765384513,19.77296246338569],[105.92904949561172,19.779459772166476],[105.89560028960837,19.72099879338718],[105.86679823642852,19.721146795865103],[105.82607682450357,19.64224667488474],[105.80790733933446,19.46098804017334],[105.78314948560545,19.39426852312598],[105.81289273429385,19.30687305991288],[105.80554699747316,19.27417931253985],[105.76399468638832,19.29344923516533],[105.69940514461355,19.3018853764069],[105.6321317250214,19.362137185169054],[105.5862484439792,19.388200421531167],[105.53473269606549,19.453809919994107],[105.50747479176687,19.470252995291272],[105.43701748424343,19.469068975467895],[105.40111234620993,19.484150427968174],[105.3566629177003,19.54015456561396],[105.3178386029723,19.545689858288252],[105.27176414159243,19.519848625643025],[105.26185217639294,19.619409892541334],[105.18998307560666,19.68768343560688],[105.14685720328094,19.757274200725927],[105.13537902993049,19.810466291291192],[105.18012993512644,19.89087603754636],[105.1513278819466,19.91544444888146],[105.06338492661573,19.94140408350902],[105.01436187618171,19.970057363234773],[104.94512518158344,19.991872928480518],[104.94365456360131,20.066865784043728],[104.95664012038344,20.091419395131034],[104.90465377471544,20.135020925126934],[104.90751412669067,20.17594361027244],[104.81937263793222,20.220862362321853],[104.69085533247463,20.196145948508832],[104.65759730680895,20.212441021328075],[104.65745024501074,20.279249339862183],[104.68200221222226,20.287478277634662],[104.68045071025111,20.340655567952133],[104.61241256930826,20.377330581981273],[104.57616183604897,20.41406479700158],[104.43298982239953,20.41092714446963],[104.35911332806766,20.43931401973512],[104.36626788455068,20.458421139634886],[104.42399699343886,20.49543655936324],[104.44556360614666,20.535056822703034],[104.49629257343994,20.51202763713833],[104.54253615588776,20.535338027411086],[104.60745658670851,20.618663422481326],[104.61464055555118,20.64321703356863],[104.64361172979898,20.641929412010704],[104.72772372528641,20.5848152557805],[104.77696736841774,20.575328296945685],[104.84352018519866,20.625856342908346],[104.93912506021637,20.59046895043713],[105.06653940218737,20.575461499175816],[105.13749671982474,20.590424549693758],[105.16499727609042,20.57676392098153],[105.21269677034053,20.51808093848535],[105.30809575884075,20.45658590890865],[105.45545168064932,20.38535231628466],[105.54215196378529,20.367384815464895],[105.75530333411398,20.196160748756625],[105.86183490073886,20.134310513232908],[105.91949047872794,20.119021857263537],[105.9827491112289,20.0777735666666],[106.05050048166522,20.06648097760113],[106.07047882695235,20.03363922775018],[106.03416191588386,19.995676592163118]]]}},{"type":"Feature","id":"40","bbox":[103.848103,18.569732,105.805547,19.991873],"properties":{"code":"40","name":"Nghệ An","regionId":4,"regionName":"Bắc Trung Bộ","macroRegion":"trung","macroRegionName":"Miền Trung","parent34Code":"40","parent34Name":"Nghệ An","center":[19.3548,104.827]},"geometry":{"type":"Polygon","coordinates":[[[105.80554699747316,19.27417931253985],[105.77234779652677,19.23614267571383],[105.74507518604833,19.23762270049305],[105.73186168347897,19.170858782702314],[105.73731767619263,19.108105732063272],[105.69560359712976,19.080991678107914],[105.6683898113706,19.08927981687156],[105.64390402196828,19.064815007271008],[105.61497696625995,18.99809549022365],[105.62902872107912,18.921681810872386],[105.6489776540066,18.892969330155463],[105.7161554834299,18.85454788688684],[105.68882404823218,18.82601300914343],[105.72031733231931,18.82317136156732],[105.7573254338394,18.772569314365697],[105.75111207286494,18.6621298653401],[105.68941964851494,18.62145878440706],[105.69363296903371,18.60097524146262],[105.66204409477774,18.56973191837323],[105.6320581941223,18.58210492552753],[105.50339382686649,18.597497183231447],[105.4118405043895,18.588173027122345],[105.27460243429793,18.62524764784187],[105.17016649829758,18.61854313559199],[105.1129962242426,18.69769486078482],[105.06434082830411,18.69634803823573],[104.98992020531885,18.73318585499058],[104.93695589869274,18.731809431945905],[104.89971985138543,18.769979271002057],[104.81524020140246,18.774004938401543],[104.72215008313417,18.791617233274295],[104.68628906364013,18.82429618039953],[104.64617060508786,18.83240671618967],[104.54427883819658,18.907192368283795],[104.48102020569561,18.977937552730637],[104.40068769842223,18.992693399779487],[104.35459853086255,19.048445933212804],[104.30289160261115,19.068722272688156],[104.25970690556616,19.104006063424826],[104.21094856636891,19.101075614361967],[104.19781594778857,19.147385589703845],[104.14741786954127,19.18261017944934],[104.03663621694805,19.22977856916317],[103.97206873444301,19.2253384948255],[103.91731027387871,19.25775103749048],[103.89265536340845,19.294411251271825],[103.84810299164008,19.299591337999104],[103.86945636474049,19.32700139691031],[103.92098681883402,19.353212635750342],[103.95234774730277,19.391574878027797],[104.03843037088625,19.41387885145068],[104.06109259399074,19.471259412141144],[104.08977699773202,19.483676820038824],[104.07210016958692,19.558580874115282],[104.0171872941345,19.60055437685404],[103.99815749744585,19.652266442640077],[104.0224521065105,19.68103812434817],[104.08883580222346,19.65139322802034],[104.1361382296184,19.687076625447396],[104.22962541474186,19.70658335203755],[104.27723667191304,19.683598567216222],[104.29464143573145,19.655034088977224],[104.3420247471154,19.682488548631806],[104.37944462167049,19.685344996455704],[104.41555564622148,19.651378427772546],[104.5063810127973,19.60256721055378],[104.6228980755208,19.61784106627536],[104.65439135960793,19.698369214512866],[104.69175240944372,19.735251432011097],[104.7363783121112,19.746233215872927],[104.80545323873145,19.79131477064805],[104.81690935281216,19.84860652985176],[104.76068762735567,19.860801934032555],[104.78079832826117,19.90856233365807],[104.85860872569522,19.955005511230077],[104.87445463445258,19.982282367911154],[104.94512518158344,19.991872928480518],[105.01436187618171,19.970057363234773],[105.06338492661573,19.94140408350902],[105.1513278819466,19.91544444888146],[105.18012993512644,19.89087603754636],[105.13537902993049,19.810466291291192],[105.14685720328094,19.757274200725927],[105.18998307560666,19.68768343560688],[105.26185217639294,19.619409892541334],[105.27176414159243,19.519848625643025],[105.3178386029723,19.545689858288252],[105.3566629177003,19.54015456561396],[105.40111234620993,19.484150427968174],[105.43701748424343,19.469068975467895],[105.50747479176687,19.470252995291272],[105.53473269606549,19.453809919994107],[105.5862484439792,19.388200421531167],[105.6321317250214,19.362137185169054],[105.69940514461355,19.3018853764069],[105.76399468638832,19.29344923516533],[105.80554699747316,19.27417931253985]]]}},{"type":"Feature","id":"42","bbox":[105.079973,17.909522,106.5189,18.756156],"properties":{"code":"42","name":"Hà Tĩnh","regionId":4,"regionName":"Bắc Trung Bộ","macroRegion":"trung","macroRegionName":"Miền Trung","parent34Code":"42","parent34Name":"Hà Tĩnh","center":[18.3563,105.799]},"geometry":{"type":"Polygon","coordinates":[[[105.75111207286494,18.6621298653401],[105.76975215578832,18.671602023927125],[105.76727416448846,18.756155839564116],[105.78298036453751,18.747912101543847],[105.7912967092264,18.68924391929546],[105.82660624697714,18.593619518309882],[105.87909995584897,18.511566944549777],[105.91463008629702,18.473219502520116],[105.9489248976401,18.471680276749723],[105.97710929126745,18.401985909896126],[106.09781761523999,18.289518826922997],[106.10328831413348,18.251304587123467],[106.16618664522882,18.265927231942186],[106.27135053713033,18.203899393444964],[106.34642558511763,18.132473397599675],[106.30624830184607,18.100031254439116],[106.35032272277024,18.08336617542507],[106.37045548294549,18.105033738192887],[106.43477296039357,18.1236672501633],[106.4216918134426,18.09375594937521],[106.43845685843878,18.051368039698275],[106.51889966206083,17.956661254075815],[106.38652933749007,17.972660321939212],[106.34944035198097,17.96746543496414],[106.30060112879472,17.913252127301213],[106.2464456216031,17.909522464857574],[106.1383184344676,17.9292659954124],[106.05874329545502,17.963809773759458],[106.04342680917122,18.0238987797959],[105.98661683652188,18.061017801258807],[105.92678474391926,18.070859966040636],[105.85973927011435,18.06434785701206],[105.73695002169711,18.02258155774239],[105.68262539343753,17.981866076065977],[105.60277083700834,17.96986307510648],[105.56584361947726,18.00815131614497],[105.55171098066909,18.04774197898918],[105.4763638683551,18.12705650690772],[105.47220201946568,18.172064060443887],[105.45085599945519,18.19257720388391],[105.3923548161264,18.194072028910924],[105.36800138234247,18.150470498915027],[105.29532344166603,18.195611254681317],[105.29256603294954,18.252888213637235],[105.24688128533494,18.246139300643982],[105.1570191735374,18.319874135144854],[105.16277664293742,18.366243311477902],[105.09138549299533,18.426302717018757],[105.07997349745406,18.45495599674451],[105.10003272673019,18.551764417553464],[105.12866565884211,18.599480416435604],[105.17016649829758,18.61854313559199],[105.27460243429793,18.62524764784187],[105.4118405043895,18.588173027122345],[105.50339382686649,18.597497183231447],[105.6320581941223,18.58210492552753],[105.66204409477774,18.56973191837323],[105.69363296903371,18.60097524146262],[105.68941964851494,18.62145878440706],[105.75111207286494,18.6621298653401]]]}},{"type":"Feature","id":"44","bbox":[105.593947,16.950244,107.007262,18.07086],"properties":{"code":"44","name":"Quảng Bình","regionId":4,"regionName":"Bắc Trung Bộ","macroRegion":"trung","macroRegionName":"Miền Trung","parent34Code":"45","parent34Name":"Quảng Trị","center":[17.4691,106.357]},"geometry":{"type":"Polygon","coordinates":[[[106.51889966206083,17.956661254075815],[106.52448065730299,17.942985825115798],[106.45560426411032,17.882156806689743],[106.44250105788963,17.846799014714115],[106.48970789511573,17.701904588828214],[106.43594210168936,17.739127212025664],[106.37495557397078,17.76547165309583],[106.28533611414029,17.771539754690643],[106.34635205421851,17.746586536912947],[106.42876548593661,17.73100187598773],[106.38313956304128,17.719058076019405],[106.50377435611472,17.682708667441695],[106.61468836432631,17.518218713478888],[106.63415199331969,17.47033991187103],[106.7635663757464,17.33561325621839],[107.00726248156374,17.161532741686216],[106.90310596297999,17.099830508640423],[106.85720062266806,17.04572080271204],[106.8168762775983,16.979267690124942],[106.74869107485723,16.960782180632453],[106.58868783840241,16.971630762264155],[106.53324554047643,16.950244404204387],[106.52506890449584,16.989849867296385],[106.49652420946286,16.96415663712908],[106.42019178310085,16.989243057136903],[106.38660286838919,17.046756820057496],[106.3840513461902,17.084956259609235],[106.3361533185125,17.12891299555215],[106.30670419342053,17.17683619790338],[106.30989543444173,17.227275442379288],[106.28475522003737,17.28470040381313],[106.2606517913104,17.2889480749295],[106.2220407161898,17.245553748402692],[106.18521644191748,17.25804515753933],[106.01990427454719,17.39397063326314],[105.91113736858948,17.5172418971246],[105.8461287006898,17.59799204907899],[105.78801723112628,17.64187478378294],[105.73547205062508,17.663897552497772],[105.64355842674249,17.819699761006547],[105.60522676903848,17.853917933902174],[105.5939471291156,17.88804730531105],[105.60277083700834,17.96986307510648],[105.68262539343753,17.981866076065977],[105.73695002169711,18.02258155774239],[105.85973927011435,18.06434785701206],[105.92678474391926,18.070859966040636],[105.98661683652188,18.061017801258807],[106.04342680917122,18.0238987797959],[106.05874329545502,17.963809773759458],[106.1383184344676,17.9292659954124],[106.2464456216031,17.909522464857574],[106.30060112879472,17.913252127301213],[106.34944035198097,17.96746543496414],[106.38652933749007,17.972660321939212],[106.51889966206083,17.956661254075815]]]}},{"type":"Feature","id":"45","bbox":[106.533246,16.29113,107.411785,17.161533],"properties":{"code":"45","name":"Quảng Trị","regionId":4,"regionName":"Bắc Trung Bộ","macroRegion":"trung","macroRegionName":"Miền Trung","parent34Code":"45","parent34Name":"Quảng Trị","center":[16.7204,106.973]},"geometry":{"type":"Polygon","coordinates":[[[107.06734457922332,16.291130169025354],[106.96720284773075,16.30026192191316],[106.95061427689242,16.33587131810126],[106.85954625834955,16.411692987540835],[106.86467136201725,16.504357338967967],[106.82251609755973,16.53064257904696],[106.79800824888767,16.479034114995468],[106.7523382074529,16.428964876714364],[106.69299141878437,16.428091662094623],[106.65520388973377,16.47067197499286],[106.64008593687755,16.5212444216989],[106.64063741862086,16.586691117436125],[106.57297428526344,16.613124359993044],[106.53534852419087,16.682951929076772],[106.53324554047643,16.950244404204387],[106.58868783840241,16.971630762264155],[106.74869107485723,16.960782180632453],[106.8168762775983,16.979267690124942],[106.85720062266806,17.04572080271204],[106.90310596297999,17.099830508640423],[107.00726248156374,17.161532741686216],[107.11136752851812,17.088227114371318],[107.12663254317255,17.059440632415438],[107.12192656562975,17.01859194850889],[107.20005314592996,16.91416140008694],[107.14155196260117,16.875236748393384],[107.189685289156,16.874733539968446],[107.21697995890418,16.9085225056781],[107.4117853699059,16.74956784438958],[107.33838682641822,16.646809723968154],[107.26854717844726,16.599878138219],[107.17368496551052,16.58725352685223],[107.10828658384557,16.553849367585176],[107.11917651000319,16.515561126546686],[107.166736295545,16.471456388125848],[107.12511045356105,16.411900191009927],[107.06224888791526,16.344351860086203],[107.06734457922332,16.291130169025354]]]}},{"type":"Feature","id":"46","bbox":[107.062249,16.016615,108.200603,16.749568],"properties":{"code":"46","name":"Thừa Thiên Huế","regionId":4,"regionName":"Bắc Trung Bộ","macroRegion":"trung","macroRegionName":"Miền Trung","parent34Code":"46","parent34Name":"Huế","center":[16.312,107.634]},"geometry":{"type":"Polygon","coordinates":[[[107.4117853699059,16.74956784438958],[107.49728709938644,16.688576023237815],[107.60492162949791,16.59594127230627],[107.59636998593187,16.590583582605483],[107.47420575015704,16.653410634483485],[107.44303600202598,16.64833414949075],[107.56375903217834,16.582813452514564],[107.59492142721949,16.587875137259502],[107.60848052501464,16.545457627086982],[107.66367281788366,16.551584929672963],[107.6519814049258,16.52310925292072],[107.67281270864255,16.496942414824062],[107.69714408315676,16.519808797663053],[107.75849826537086,16.463123848618824],[107.82640405069532,16.37364155046702],[107.79402104272901,16.379532049088326],[107.81282289363043,16.312501726837333],[107.89699371383715,16.2786683603843],[107.93699452295085,16.312176121385903],[107.94472262044691,16.35703567244414],[108.0118857436904,16.319295040573962],[108.04334226232797,16.34609828932569],[108.05398953651853,16.305072002445634],[108.09382857765421,16.236369252194116],[108.05190861207383,16.261500072945317],[108.05432777865443,16.235570038813336],[108.20060279624613,16.21162323788551],[108.13276318873088,16.201736672360305],[108.04140839968149,16.22076979102111],[107.95249483648242,16.21658132089591],[107.9209353745861,16.1802319123182],[107.88611114076946,16.112565179412137],[107.85613994629382,16.087079152713923],[107.78404289972032,16.071672094762214],[107.73820373721759,16.017754792055133],[107.72127692424337,16.016615172975133],[107.68826890363465,16.076985383719624],[107.66167277742798,16.090956817635487],[107.59778177919472,16.056309437553885],[107.43285197249979,16.055510224173105],[107.43166077193428,16.07324092102819],[107.32713659885499,16.056694243996482],[107.29902573612674,16.06381316318454],[107.23914217189474,16.129881469329042],[107.15491252696874,16.16620127741117],[107.12706637547727,16.200552652536928],[107.11636027656742,16.25519516738583],[107.06734457922332,16.291130169025354],[107.06224888791526,16.344351860086203],[107.12511045356105,16.411900191009927],[107.166736295545,16.471456388125848],[107.11917651000319,16.515561126546686],[107.10828658384557,16.553849367585176],[107.17368496551052,16.58725352685223],[107.26854717844726,16.599878138219],[107.33838682641822,16.646809723968154],[107.4117853699059,16.74956784438958]]]}},{"type":"Feature","id":"48","bbox":[107.85614,15.925638,108.542338,16.22077],"properties":{"code":"48","name":"Đà Nẵng","regionId":5,"regionName":"Duyên hải Nam Trung Bộ","macroRegion":"trung","macroRegionName":"Miền Trung","parent34Code":"48","parent34Name":"Đà Nẵng","center":[16.0912,108.102]},"geometry":{"type":"MultiPolygon","coordinates":[[[[108.20060279624613,16.21162323788551],[108.15484451773243,16.171440565129615],[108.14274868482947,16.119846901325914],[108.19694095747066,16.071346489310788],[108.2282357081302,16.089950400785614],[108.23889033541067,16.051647359499334],[108.19725714033682,16.00323574897096],[108.24969202448935,16.022875677791244],[108.24710373684081,16.12372456624748],[108.22460328171437,16.12678821754047],[108.24490516295755,16.161909205551424],[108.31775222470193,16.13489875333061],[108.31736986402659,16.111751165783566],[108.26515557257136,16.107103887976805],[108.25892015232716,16.070414073699876],[108.28295740324494,15.989678721993279],[108.18307302989925,15.996634838455625],[108.10107872430606,15.977394516325731],[108.05601898933386,15.978045727228588],[108.01554758246587,16.003132147236414],[108.00693711418056,16.086368740819896],[107.93354592378279,16.07922022113625],[107.85613994629382,16.087079152713923],[107.88611114076946,16.112565179412137],[107.9209353745861,16.1802319123182],[107.95249483648242,16.21658132089591],[108.04140839968149,16.22076979102111],[108.13276318873088,16.201736672360305],[108.20060279624613,16.21162323788551]]],[[[108.54233764984161,15.925638049796312],[108.48809390557106,15.963289880179738],[108.50800607304899,15.975218879900272],[108.53859492707711,15.952929706725179],[108.54233764984161,15.925638049796312]]]]}},{"type":"Feature","id":"49","bbox":[107.149523,14.956355,108.762026,16.090957],"properties":{"code":"49","name":"Quảng Nam","regionId":5,"regionName":"Duyên hải Nam Trung Bộ","macroRegion":"trung","macroRegionName":"Miền Trung","parent34Code":"48","parent34Name":"Đà Nẵng","center":[15.6535,107.955]},"geometry":{"type":"Polygon","coordinates":[[[108.28295740324494,15.989678721993279],[108.30633287607075,15.955268145876351],[108.38844483110252,15.898139189398355],[108.41467330281365,15.867754280680913],[108.42348965761647,15.806318452095379],[108.4548432329953,15.747265463404394],[108.61835389333748,15.5294354163984],[108.68275960786448,15.517462015934488],[108.62161866525778,15.474896503284043],[108.65188398332985,15.4389911021401],[108.69771579274267,15.489977955784322],[108.70393650680704,15.444940801752576],[108.76202591710084,15.396307187507318],[108.66634751118401,15.382927763503146],[108.48569679826021,15.32454078596281],[108.38591536817327,15.316533851907217],[108.33628201127667,15.28459491717159],[108.28742808191059,15.21174809753825],[108.27568519732336,15.17785553009405],[108.32614945337986,15.085842389569777],[108.29611943418493,15.048146158442975],[108.21647811736314,15.065640051333386],[108.1953085715105,15.056404696711036],[108.19006581840424,14.986991534565492],[108.1391603769531,14.956355021635583],[108.07447524500948,15.038999605307378],[108.07424729922226,15.120756174111639],[108.06199705143119,15.146804610225958],[107.97178199131794,15.216143771132542],[107.92847229174447,15.230337208765286],[107.86239007271783,15.221649463311248],[107.77635156767381,15.296331513670825],[107.73005651359664,15.299631968928493],[107.68884244464768,15.37099876378261],[107.64986371503154,15.398719627897453],[107.57686223839903,15.403677710907848],[107.49415468308453,15.419617577780077],[107.48786043812105,15.481023805870025],[107.44742579670262,15.508729869737074],[107.36995364140445,15.49594245564459],[107.31616578870836,15.589213617231204],[107.24910560872362,15.630817113775153],[107.21497991844849,15.72796594028333],[107.16041263822187,15.758498851478695],[107.14952271206427,15.794049046675624],[107.17544970708906,15.848336355577512],[107.23609063958185,15.85589928219934],[107.3055920454169,15.898790400301213],[107.36068139502717,15.911829418606166],[107.39054964624407,15.936027823746457],[107.4449919239422,16.010399068902395],[107.43285197249979,16.055510224173105],[107.59778177919472,16.056309437553885],[107.66167277742798,16.090956817635487],[107.68826890363465,16.076985383719624],[107.72127692424337,16.016615172975133],[107.73820373721759,16.017754792055133],[107.78404289972032,16.071672094762214],[107.85613994629382,16.087079152713923],[107.93354592378279,16.07922022113625],[108.00693711418056,16.086368740819896],[108.01554758246587,16.003132147236414],[108.05601898933386,15.978045727228588],[108.10107872430606,15.977394516325731],[108.18307302989925,15.996634838455625],[108.28295740324494,15.989678721993279]]]}},{"type":"Feature","id":"51","bbox":[108.275685,14.595762,109.094709,15.429223],"properties":{"code":"51","name":"Quảng Ngãi","regionId":5,"regionName":"Duyên hải Nam Trung Bộ","macroRegion":"trung","macroRegionName":"Miền Trung","parent34Code":"51","parent34Name":"Quảng Ngãi","center":[14.9971,108.686]},"geometry":{"type":"Polygon","coordinates":[[[108.66693575837687,14.595761784425768],[108.61871419474309,14.640103326811278],[108.57209560470984,14.783828533121595],[108.54897013694098,14.825047223222946],[108.46547580100604,14.857652169109222],[108.42963684078174,14.893601970996542],[108.39291550976816,14.963621943301566],[108.29611943418493,15.048146158442975],[108.32614945337986,15.085842389569777],[108.27568519732336,15.17785553009405],[108.28742808191059,15.21174809753825],[108.33628201127667,15.28459491717159],[108.38591536817327,15.316533851907217],[108.48569679826021,15.32454078596281],[108.66634751118401,15.382927763503146],[108.76202591710084,15.396307187507318],[108.78039393569753,15.325177196617876],[108.79570306889141,15.395729977843423],[108.82719635297855,15.429222938597231],[108.83882158812722,15.374565623500537],[108.88300630540006,15.335670572302565],[108.88630784276992,15.286592950623541],[108.95155180954674,15.250065939072325],[108.9101392071702,15.209942467307599],[108.91854378893802,15.057307511826362],[108.94233103479884,14.979295405713534],[109.01222950748908,14.821509964000604],[109.08046618185952,14.729097216785938],[109.09470911701636,14.667587386961443],[109.07801024982938,14.671968260307944],[109.05025233541683,14.683349650860166],[108.97872882985635,14.672338266502749],[108.86277060196608,14.679738390398864],[108.79259271185923,14.665914958960922],[108.66693575837687,14.595761784425768]]]}},{"type":"Feature","id":"52","bbox":[108.634229,13.537944,109.3075,14.68335],"properties":{"code":"52","name":"Bình Định","regionId":5,"regionName":"Duyên hải Nam Trung Bộ","macroRegion":"trung","macroRegionName":"Miền Trung","parent34Code":"64","parent34Name":"Gia Lai","center":[14.1075,108.971]},"geometry":{"type":"Polygon","coordinates":[[[108.8257772066258,13.556961992384949],[108.82193889369246,13.664589394330022],[108.80793861050267,13.746508765859996],[108.77430557725155,13.820569205812301],[108.7278928737358,13.881205821017055],[108.7119513748096,13.930475845917378],[108.71857650881905,13.995730138433306],[108.6585017642494,14.077013099308216],[108.6359718967633,14.152257559083896],[108.63422921445448,14.217659854077748],[108.67585505643842,14.373639665560027],[108.686994987653,14.45653585344429],[108.68257578061673,14.527414240121264],[108.66693575837687,14.595761784425768],[108.79259271185923,14.665914958960922],[108.86277060196608,14.679738390398864],[108.97872882985635,14.672338266502749],[109.05025233541683,14.683349650860166],[109.07801024982938,14.671968260307944],[109.08617953272005,14.584705999324974],[109.07487783352745,14.57809028856185],[109.12983482751933,14.451903375885323],[109.1288348072915,14.397468064505512],[109.15008523713314,14.338563078292449],[109.18158587431019,14.3053365219989],[109.20122597746142,14.235582954154134],[109.19118165664354,14.220782706361907],[109.23838114077972,14.132839633980495],[109.174938681031,14.172060290629897],[109.18405651252016,14.136510095432968],[109.22530734691865,14.10448235921059],[109.25327114784871,14.033219166091015],[109.26654347513735,13.921373693525158],[109.30750018593943,13.875744529581723],[109.30395599660253,13.75876337103196],[109.2704700251496,13.755255712305203],[109.27313184369726,13.82462447370737],[109.25204318183363,13.890322773657065],[109.2324766095815,13.810357034835665],[109.25833742679711,13.777248880524454],[109.22571176686374,13.743785520266227],[109.23743259218125,13.698659564747729],[109.16318844335385,13.672699930120162],[109.08097354506334,13.586947294411999],[108.97723615260449,13.542339347566227],[108.91036715295743,13.537943673971936],[108.8257772066258,13.556961992384949]]]}},{"type":"Feature","id":"54","bbox":[108.661436,12.753101,109.465187,13.69866],"properties":{"code":"54","name":"Phú Yên","regionId":5,"regionName":"Duyên hải Nam Trung Bộ","macroRegion":"trung","macroRegionName":"Miền Trung","parent34Code":"66","parent34Name":"Đắk Lắk","center":[13.1647,109.064]},"geometry":{"type":"Polygon","coordinates":[[[108.8257772066258,13.556961992384949],[108.91036715295743,13.537943673971936],[108.97723615260449,13.542339347566227],[109.08097354506334,13.586947294411999],[109.16318844335385,13.672699930120162],[109.23743259218125,13.698659564747729],[109.25663886302776,13.605788009851505],[109.29510287635014,13.57790434301095],[109.29424256483061,13.530277145615562],[109.25239613014934,13.60177714269981],[109.21146147861698,13.647391506395454],[109.2448812722607,13.570593020601589],[109.2868968280099,13.508624383095535],[109.31358854438541,13.52314342617971],[109.30307362581324,13.479763899900693],[109.34036114474993,13.465511261276777],[109.31858129243471,13.414184001933336],[109.27700692208015,13.421687727563995],[109.29994856260123,13.460775181983266],[109.26292575490133,13.489990871125121],[109.23182953766937,13.46192960131106],[109.23199865873731,13.392501638917722],[109.27994815804439,13.352230164675074],[109.29427197719025,13.297543249082796],[109.25954333354245,13.298135258994485],[109.29455874769675,13.234938200921675],[109.3137209000038,13.297217643631367],[109.32138281969065,13.258973803336252],[109.30805166768273,13.132624087934012],[109.37015586506772,13.032234007159335],[109.4651871990724,12.913580420609053],[109.45855471197304,12.852455397227157],[109.41717887504605,12.865405614045354],[109.38471498309072,12.833289076336222],[109.32264755115528,12.853373012590275],[109.19630676031123,12.847260510252084],[109.15436473546112,12.827516979697254],[109.1035328249091,12.772504458653547],[109.0366491190822,12.753101333797936],[108.96910363516336,12.780008184284206],[108.88615342788181,12.798937701210463],[108.81721820996985,12.82855299704271],[108.72522370209825,12.895242913594483],[108.66143564712372,12.99557379337799],[108.66485483393215,13.039101322134929],[108.729767911663,13.106264846616055],[108.81243134843805,13.15136120163897],[108.87452819273314,13.21170181188788],[108.8533659999704,13.280108557183553],[108.85424837075968,13.335920291608039],[108.82236537290729,13.430375473018032],[108.8257772066258,13.556961992384949]]]}},{"type":"Feature","id":"56","bbox":[108.666061,11.78811,109.471746,12.853373],"properties":{"code":"56","name":"Khánh Hòa","regionId":5,"regionName":"Duyên hải Nam Trung Bộ","macroRegion":"trung","macroRegionName":"Miền Trung","parent34Code":"56","parent34Name":"Khánh Hoà","center":[12.6049,109.359]},"geometry":{"type":"MultiPolygon","coordinates":[[[[109.32871385033154,12.221772438056993],[109.34913338101329,12.201037290900082],[109.28805126312588,12.18838307903773],[109.24580040849952,12.228506550802456],[109.27358038218179,12.234885457600905],[109.32871385033154,12.221772438056993]]],[[[109.4051418668624,12.570303473316143],[109.3842223260667,12.562474142234056],[109.31165468173893,12.614023405294382],[109.32019897221505,12.627491630785308],[109.38249434993772,12.623747168093875],[109.4051418668624,12.570303473316143]]],[[[109.38471498309072,12.833289076336222],[109.376795705257,12.776263721592773],[109.42107601269868,12.691162296787468],[109.47174615527267,12.656292912988981],[109.45065749340905,12.638947022576492],[109.45087073301646,12.570910283475625],[109.43016443182819,12.5753355575655],[109.40336977219393,12.628853253582193],[109.42456873040621,12.652992457731315],[109.40298741151858,12.687373433352658],[109.37642805076146,12.674201212817575],[109.3758250973888,12.638828620594154],[109.34153028604572,12.659800571715738],[109.38522969938447,12.702632488826444],[109.3632145481921,12.792825198872274],[109.30425012019894,12.750244885974038],[109.20548341651966,12.647027957871046],[109.20529223618199,12.550382339787806],[109.23227807615392,12.590787016260585],[109.24881517536288,12.585088920860578],[109.23284426407703,12.540421773023636],[109.24894753098127,12.508852844482817],[109.29830882355117,12.478127530066153],[109.29891177692384,12.430485532422976],[109.34542007060844,12.395704950111243],[109.29761763309958,12.35155581094703],[109.21596892273219,12.439957691010001],[109.18442416701568,12.459508818343533],[109.1495043430302,12.440978908107665],[109.17654900772142,12.399730617510729],[109.20680697270357,12.387002404409413],[109.2142409466032,12.332448691047265],[109.241484144722,12.304801828171385],[109.21921163538276,12.296972497089296],[109.20435839376334,12.233227829848175],[109.22459409719733,12.200252877767095],[109.20913790220524,12.185511830966037],[109.2263661918658,12.137603428862597],[109.2108511721544,12.118792313918679],[109.21421153424356,12.068367869690562],[109.24905047424001,11.99706027582761],[109.28730124795499,11.967888987429133],[109.26590375631513,11.926019086424922],[109.2773892827555,11.864598058087182],[109.22509410731125,11.878998699189019],[109.21588068565326,11.909087602950615],[109.21891015869643,12.015220179868674],[109.17642400519294,12.1288416821696],[109.1637031596476,12.111332989031396],[109.17662253862053,12.05260560579184],[109.21185119238226,12.005792422025026],[109.19852739346423,11.948826268272745],[109.1562912450177,11.89908263544307],[109.13690114692342,11.896640594557352],[109.131753983986,11.830009878996748],[109.16344580150071,11.82410458012765],[109.19731413362898,11.869881746549007],[109.20435104067343,11.788110377496952],[109.11468010921357,11.797582536083977],[109.08599570547229,11.819782907772318],[109.06605412563472,11.87316740155888],[109.0333843471619,11.907681579410355],[108.90521999002,11.936719665578703],[108.87781502392318,11.954790768133012],[108.80967393972158,12.124594011053231],[108.77831301125283,12.157716965612234],[108.71912063747244,12.18167856678785],[108.70651744136566,12.270376451806666],[108.68204635814315,12.303381004383331],[108.6677225389973,12.36896090235069],[108.6660607406775,12.447979425313388],[108.67620065166423,12.47916354741161],[108.77624679298795,12.496849843523322],[108.83545387294816,12.470135396258351],[108.85507191682966,12.484832042316032],[108.8798444767385,12.566189004429905],[108.87495467194795,12.609834935169182],[108.90655089929383,12.68154213572252],[108.97055954696566,12.69555797038176],[109.0366491190822,12.753101333797936],[109.1035328249091,12.772504458653547],[109.15436473546112,12.827516979697254],[109.19630676031123,12.847260510252084],[109.32264755115528,12.853373012590275],[109.38471498309072,12.833289076336222]]]]}},{"type":"Feature","id":"58","bbox":[108.609501,11.309707,109.243617,12.181679],"properties":{"code":"58","name":"Ninh Thuận","regionId":5,"regionName":"Duyên hải Nam Trung Bộ","macroRegion":"trung","macroRegionName":"Miền Trung","parent34Code":"56","parent34Name":"Khánh Hoà","center":[11.6242,108.925]},"geometry":{"type":"Polygon","coordinates":[[[109.20435104067343,11.788110377496952],[109.24361654079607,11.73579150155143],[109.19154931113906,11.672594443478623],[109.18413739650917,11.638657475291046],[109.13617319102228,11.569925124543945],[109.06732621018926,11.583156546070196],[109.04325954691184,11.637961863644811],[109.01970759992817,11.632840977908701],[109.0399727157218,11.601242448872297],[109.02771511484082,11.51699943843894],[109.01854581172229,11.356461150636656],[108.95166945898532,11.309707167861012],[108.90633030659652,11.323930205989342],[108.86856483681562,11.388429685867866],[108.7721952404472,11.40738880328971],[108.76321711766636,11.459263671801464],[108.71523820599964,11.48575611534955],[108.69671577251482,11.547280745421837],[108.61958185935255,11.564597035338743],[108.6095007730851,11.639634291645333],[108.6753476932346,11.708277840905682],[108.68409051713832,11.742214809093257],[108.64740595157429,11.790360015161372],[108.63699397626087,11.839526438327148],[108.68166399746781,11.97377948605044],[108.69257598289515,12.063528188662502],[108.68369345028313,12.122225971406476],[108.71912063747244,12.18167856678785],[108.77831301125283,12.157716965612234],[108.80967393972158,12.124594011053231],[108.87781502392318,11.954790768133012],[108.90521999002,11.936719665578703],[109.0333843471619,11.907681579410355],[109.06605412563472,11.87316740155888],[109.08599570547229,11.819782907772318],[109.11468010921357,11.797582536083977],[109.20435104067343,11.788110377496952]]]}},{"type":"Feature","id":"60","bbox":[107.430624,10.503745,108.965964,11.564597],"properties":{"code":"60","name":"Bình Thuận","regionId":5,"regionName":"Duyên hải Nam Trung Bộ","macroRegion":"trung","macroRegionName":"Miền Trung","parent34Code":"68","parent34Name":"Lâm Đồng","center":[11.1284,108.232]},"geometry":{"type":"MultiPolygon","coordinates":[[[[108.96596386577154,10.517035496604924],[108.93964715698147,10.503744874087506],[108.9262204148047,10.529778509954031],[108.94300751907062,10.551357271235098],[108.96596386577154,10.517035496604924]]],[[[107.5867447912389,10.573572443171232],[107.57881816031525,10.614539529060115],[107.51658160731188,10.755482288785492],[107.56247224144398,10.80146665867594],[107.59048016091349,10.85030747639029],[107.58824482158066,10.911684103984655],[107.55710448580923,10.98012044977591],[107.53105984134586,11.000796395941652],[107.47724257629012,11.00124040337542],[107.43062398625688,11.038433426077285],[107.51086090336142,11.220476473921675],[107.56981797826468,11.327689468928567],[107.6101864418739,11.361419233647052],[107.69139396684666,11.327970673636619],[107.75618939513893,11.315094458057382],[108.01017982683113,11.30171503405321],[108.05266598033462,11.271300524840182],[108.0534159955055,11.21132992078608],[108.09215207315458,11.219100050877],[108.15218269918479,11.281157489869805],[108.25048615819969,11.305992305665162],[108.33543640593695,11.369085762003426],[108.31545070755992,11.43198681512039],[108.31880371655915,11.482366858605129],[108.38698891930021,11.523807552423365],[108.51413119694453,11.527744418336098],[108.58014723816196,11.505144439957368],[108.61958185935255,11.564597035338743],[108.69671577251482,11.547280745421837],[108.71523820599964,11.48575611534955],[108.76321711766636,11.459263671801464],[108.7721952404472,11.40738880328971],[108.86856483681562,11.388429685867866],[108.90633030659652,11.323930205989342],[108.85679253986875,11.334112776470393],[108.78735731184288,11.300960221415806],[108.75781259658206,11.257758298110295],[108.72924584227935,11.181847827183963],[108.65626642491657,11.192282001877484],[108.57747071343451,11.179612989767337],[108.51350618430213,11.138142695453517],[108.47249064878076,11.052789666435745],[108.36870913778245,11.022626761435188],[108.344480706527,10.953406002510942],[108.2999062754889,10.913016126285955],[108.25896427086663,10.951615172528083],[108.10691707769509,10.91776700582726],[108.06503387756426,10.867756968537325],[108.03512150780792,10.772650576224475],[107.99856194477238,10.699404149900744],[107.93672981171407,10.719073679216613],[107.88295666519781,10.71685364204778],[107.82346281473107,10.69286244037658],[107.78179285420767,10.657785853109003],[107.66693758980398,10.604253356844517],[107.5867447912389,10.573572443171232]]]]}},{"type":"Feature","id":"62","bbox":[107.320107,13.921951,108.618714,15.403678],"properties":{"code":"62","name":"Kon Tum","regionId":6,"regionName":"Tây Nguyên","macroRegion":"trung","macroRegionName":"Miền Trung","parent34Code":"51","parent34Name":"Quảng Ngãi","center":[14.7451,107.969]},"geometry":{"type":"Polygon","coordinates":[[[108.61871419474309,14.640103326811278],[108.49371901935268,14.609318811403448],[108.40995997218096,14.620093391796189],[108.42589411801724,14.565376875708326],[108.41115852583638,14.516550858241768],[108.33575994189302,14.430443016586594],[108.26091283969293,14.378360944605747],[108.1526091783996,14.329416525156851],[107.78781503484446,14.215410216413328],[107.7203945534541,14.186194527271473],[107.6583638869682,14.137827317486476],[107.60847317192474,14.049765843122726],[107.53227310118112,13.97696342423276],[107.44653607282343,13.921950903189055],[107.43044751209902,13.984822355810433],[107.3719242695005,13.996307348097202],[107.34285750508387,14.021127363644766],[107.34486489862947,14.08109796769887],[107.32010704490044,14.119519410967492],[107.35906371524685,14.239105413128684],[107.35012971100545,14.320995184163076],[107.38754958556054,14.42151846716788],[107.45623479841552,14.434439083490496],[107.50500049070267,14.541622478001802],[107.50427988789143,14.601607882303696],[107.53174367870756,14.677651555460159],[107.49118403476064,14.804859685234348],[107.55800891586824,14.88728226518926],[107.46208050489446,14.956488223865712],[107.4460287096196,15.024820967922423],[107.51924342585951,15.048560565381155],[107.5781490291334,15.047894554230506],[107.58443592100696,15.103706288654994],[107.62153961269588,15.155077948741813],[107.6233484728139,15.187771696114842],[107.6572535703917,15.205087986031748],[107.65823153134981,15.282774486693146],[107.59844355728667,15.33118609722152],[107.57686223839903,15.403677710907848],[107.64986371503154,15.398719627897453],[107.68884244464768,15.37099876378261],[107.73005651359664,15.299631968928493],[107.77635156767381,15.296331513670825],[107.86239007271783,15.221649463311248],[107.92847229174447,15.230337208765286],[107.97178199131794,15.216143771132542],[108.06199705143119,15.146804610225958],[108.07424729922226,15.120756174111639],[108.07447524500948,15.038999605307378],[108.1391603769531,14.956355021635583],[108.19006581840424,14.986991534565492],[108.1953085715105,15.056404696711036],[108.21647811736314,15.065640051333386],[108.29611943418493,15.048146158442975],[108.39291550976816,14.963621943301566],[108.42963684078174,14.893601970996542],[108.46547580100604,14.857652169109222],[108.54897013694098,14.825047223222946],[108.57209560470984,14.783828533121595],[108.61871419474309,14.640103326811278]]]}},{"type":"Feature","id":"64","bbox":[107.43483,12.995574,108.874528,14.640103],"properties":{"code":"64","name":"Gia Lai","regionId":6,"regionName":"Tây Nguyên","macroRegion":"trung","macroRegionName":"Miền Trung","parent34Code":"64","parent34Name":"Gia Lai","center":[13.8493,108.156]},"geometry":{"type":"Polygon","coordinates":[[[108.61871419474309,14.640103326811278],[108.66693575837687,14.595761784425768],[108.68257578061673,14.527414240121264],[108.686994987653,14.45653585344429],[108.67585505643842,14.373639665560027],[108.63422921445448,14.217659854077748],[108.6359718967633,14.152257559083896],[108.6585017642494,14.077013099308216],[108.71857650881905,13.995730138433306],[108.7119513748096,13.930475845917378],[108.7278928737358,13.881205821017055],[108.77430557725155,13.820569205812301],[108.80793861050267,13.746508765859996],[108.82193889369246,13.664589394330022],[108.8257772066258,13.556961992384949],[108.82236537290729,13.430375473018032],[108.85424837075968,13.335920291608039],[108.8533659999704,13.280108557183553],[108.87452819273314,13.21170181188788],[108.81243134843805,13.15136120163897],[108.729767911663,13.106264846616055],[108.66485483393215,13.039101322134929],[108.66143564712372,12.99557379337799],[108.5147341503172,13.033018420292324],[108.4722406437238,13.07445911411056],[108.43371045259221,13.20166724388475],[108.4093717249881,13.251026070271827],[108.36408404422868,13.295234410427208],[108.10785827320365,13.384346702384207],[108.03130525414431,13.38390269495044],[107.92783257292224,13.345599653664156],[107.8026094517446,13.349743723045979],[107.68132023366913,13.333345048492191],[107.56225164874667,13.262318659337295],[107.60653930927825,13.36956125483977],[107.61105410648337,13.400863778920332],[107.59717882582204,13.534613618218685],[107.51385361095504,13.692236257205902],[107.44368307393812,13.782917375428875],[107.43482995368575,13.870253637650805],[107.44653607282343,13.921950903189055],[107.53227310118112,13.97696342423276],[107.60847317192474,14.049765843122726],[107.6583638869682,14.137827317486476],[107.7203945534541,14.186194527271473],[107.78781503484446,14.215410216413328],[108.1526091783996,14.329416525156851],[108.26091283969293,14.378360944605747],[108.33575994189302,14.430443016586594],[108.41115852583638,14.516550858241768],[108.42589411801724,14.565376875708326],[108.40995997218096,14.620093391796189],[108.49371901935268,14.609318811403448],[108.61871419474309,14.640103326811278]]]}},{"type":"Feature","id":"66","bbox":[107.461036,12.15233,109.036649,13.384347],"properties":{"code":"66","name":"Đắk Lắk","regionId":6,"regionName":"Tây Nguyên","macroRegion":"trung","macroRegionName":"Miền Trung","parent34Code":"66","parent34Name":"Đắk Lắk","center":[12.7691,108.133]},"geometry":{"type":"Polygon","coordinates":[[[107.54000119867716,12.71722553314958],[107.53525845568483,12.799070903440594],[107.49416938926434,12.858079491388203],[107.46741149507965,12.963324053438727],[107.48150001534837,12.982268370612779],[107.46103636612715,13.022007035934907],[107.56225164874667,13.262318659337295],[107.68132023366913,13.333345048492191],[107.8026094517446,13.349743723045979],[107.92783257292224,13.345599653664156],[108.03130525414431,13.38390269495044],[108.10785827320365,13.384346702384207],[108.36408404422868,13.295234410427208],[108.4093717249881,13.251026070271827],[108.43371045259221,13.20166724388475],[108.4722406437238,13.07445911411056],[108.5147341503172,13.033018420292324],[108.66143564712372,12.99557379337799],[108.72522370209825,12.895242913594483],[108.81721820996985,12.82855299704271],[108.88615342788181,12.798937701210463],[108.96910363516336,12.780008184284206],[109.0366491190822,12.753101333797936],[108.97055954696566,12.69555797038176],[108.90655089929383,12.68154213572252],[108.87495467194795,12.609834935169182],[108.8798444767385,12.566189004429905],[108.85507191682966,12.484832042316032],[108.83545387294816,12.470135396258351],[108.77624679298795,12.496849843523322],[108.67620065166423,12.47916354741161],[108.6660607406775,12.447979425313388],[108.6677225389973,12.36896090235069],[108.68204635814315,12.303381004383331],[108.60404478037144,12.271738074603551],[108.51577828908451,12.30012494986904],[108.48381440724309,12.292369620025914],[108.42638677504125,12.244046810984294],[108.33628936436658,12.239710338381173],[108.25394211045769,12.188915887958249],[108.23553732641143,12.156429344054311],[108.16230790399169,12.170903986395109],[108.11776288531323,12.152329675415864],[108.12803515191835,12.201274094864758],[108.07612233714946,12.264545154176528],[108.02939345076756,12.29778651071787],[107.97820859189981,12.306518656915284],[107.94130343363848,12.353257839443136],[107.9294723119723,12.4106384001336],[107.97826006352919,12.433267979007915],[108.0052311973213,12.487481286670842],[107.9763923786919,12.512330902713991],[107.92247952346732,12.52927718643609],[107.9117954838272,12.566203804677697],[107.87462561432909,12.592503845004483],[107.86315479406854,12.68393977586486],[107.8427426164767,12.72095519559322],[107.54000119867716,12.71722553314958]]]}},{"type":"Feature","id":"67","bbox":[107.228186,11.744627,108.128035,12.720955],"properties":{"code":"67","name":"Đắk Nông","regionId":6,"regionName":"Tây Nguyên","macroRegion":"trung","macroRegionName":"Miền Trung","parent34Code":"68","parent34Name":"Lâm Đồng","center":[12.1425,107.66]},"geometry":{"type":"Polygon","coordinates":[[[108.11776288531323,12.152329675415864],[108.05398218342862,12.146231973325467],[107.99835605825487,12.126399641283882],[107.98523814585435,12.067938662504586],[108.02065797995375,12.015767789036987],[108.08763727594948,11.940079321827538],[108.08971084730426,11.878732294728758],[108.06001907024523,11.821810541719854],[107.9985766509522,11.769314062800824],[107.96014204998946,11.796975725924497],[107.91444994928494,11.793364465463194],[107.90253059053984,11.84392211192144],[107.87505944663381,11.863280836033674],[107.78634441686233,11.849176199887681],[107.74641713864773,11.870014948779136],[107.73570368664798,11.905565143976066],[107.70249713261168,11.907237571976587],[107.62142196325732,11.824844592517259],[107.56294283919826,11.787207562381628],[107.50191954603012,11.77274772028862],[107.44355071831973,11.74462724948339],[107.39103495017817,11.751894171149374],[107.40101309318686,11.78589034032812],[107.37388754450663,11.850212217233137],[107.35925489558451,11.918500560546471],[107.32911458004094,11.956936804062885],[107.2726575557073,11.99558025104839],[107.24692174102017,12.065333818893155],[107.22818606792794,12.31094393100516],[107.31987909911322,12.329266637771937],[107.39268204231814,12.252290549004565],[107.41625604857155,12.253444968332358],[107.44995525963186,12.299503339461769],[107.51416244073128,12.34390408283845],[107.55702360182022,12.473021444577835],[107.56528112178984,12.606549280159307],[107.54000119867716,12.71722553314958],[107.8427426164767,12.72095519559322],[107.86315479406854,12.68393977586486],[107.87462561432909,12.592503845004483],[107.9117954838272,12.566203804677697],[107.92247952346732,12.52927718643609],[107.9763923786919,12.512330902713991],[108.0052311973213,12.487481286670842],[107.97826006352919,12.433267979007915],[107.9294723119723,12.4106384001336],[107.94130343363848,12.353257839443136],[107.97820859189981,12.306518656915284],[108.02939345076756,12.29778651071787],[108.07612233714946,12.264545154176528],[108.12803515191835,12.201274094864758],[108.11776288531323,12.152329675415864]]]}},{"type":"Feature","id":"68","bbox":[107.282077,11.21133,108.719121,12.303381],"properties":{"code":"68","name":"Lâm Đồng","regionId":6,"regionName":"Tây Nguyên","macroRegion":"trung","macroRegionName":"Miền Trung","parent34Code":"68","parent34Name":"Lâm Đồng","center":[11.5362,108]},"geometry":{"type":"Polygon","coordinates":[[[107.30784944401947,11.565751454666536],[107.28207686388278,11.627320485482201],[107.28506221838649,11.654567741667691],[107.32709983340543,11.718327209156604],[107.39103495017817,11.751894171149374],[107.44355071831973,11.74462724948339],[107.50191954603012,11.77274772028862],[107.56294283919826,11.787207562381628],[107.62142196325732,11.824844592517259],[107.70249713261168,11.907237571976587],[107.73570368664798,11.905565143976066],[107.74641713864773,11.870014948779136],[107.78634441686233,11.849176199887681],[107.87505944663381,11.863280836033674],[107.90253059053984,11.84392211192144],[107.91444994928494,11.793364465463194],[107.96014204998946,11.796975725924497],[107.9985766509522,11.769314062800824],[108.06001907024523,11.821810541719854],[108.08971084730426,11.878732294728758],[108.08763727594948,11.940079321827538],[108.02065797995375,12.015767789036987],[107.98523814585435,12.067938662504586],[107.99835605825487,12.126399641283882],[108.05398218342862,12.146231973325467],[108.11776288531323,12.152329675415864],[108.16230790399169,12.170903986395109],[108.23553732641143,12.156429344054311],[108.25394211045769,12.188915887958249],[108.33628936436658,12.239710338381173],[108.42638677504125,12.244046810984294],[108.48381440724309,12.292369620025914],[108.51577828908451,12.30012494986904],[108.60404478037144,12.271738074603551],[108.68204635814315,12.303381004383331],[108.70651744136566,12.270376451806666],[108.71912063747244,12.18167856678785],[108.68369345028313,12.122225971406476],[108.69257598289515,12.063528188662502],[108.68166399746781,11.97377948605044],[108.63699397626087,11.839526438327148],[108.64740595157429,11.790360015161372],[108.68409051713832,11.742214809093257],[108.6753476932346,11.708277840905682],[108.6095007730851,11.639634291645333],[108.61958185935255,11.564597035338743],[108.58014723816196,11.505144439957368],[108.51413119694453,11.527744418336098],[108.38698891930021,11.523807552423365],[108.31880371655915,11.482366858605129],[108.31545070755992,11.43198681512039],[108.33543640593695,11.369085762003426],[108.25048615819969,11.305992305665162],[108.15218269918479,11.281157489869805],[108.09215207315458,11.219100050877],[108.0534159955055,11.21132992078608],[108.05266598033462,11.271300524840182],[108.01017982683113,11.30171503405321],[107.75618939513893,11.315094458057382],[107.69139396684666,11.327970673636619],[107.6101864418739,11.361419233647052],[107.52627297981405,11.403052330686586],[107.44900671103339,11.417334569806085],[107.44825669586251,11.490980602820207],[107.398615985876,11.506387660771914],[107.37418902119296,11.561133777355362],[107.30784944401947,11.565751454666536]]]}},{"type":"Feature","id":"70","bbox":[106.39414,11.28323,107.401013,12.310944],"properties":{"code":"70","name":"Bình Phước","regionId":7,"regionName":"Đông Nam Bộ","macroRegion":"nam","macroRegionName":"Miền Nam","parent34Code":"75","parent34Name":"Đồng Nai","center":[11.6805,106.897]},"geometry":{"type":"Polygon","coordinates":[[[107.39103495017817,11.751894171149374],[107.32709983340543,11.718327209156604],[107.28506221838649,11.654567741667691],[107.28207686388278,11.627320485482201],[107.30784944401947,11.565751454666536],[107.23425236710419,11.528144025026489],[107.14000046063002,11.49885433464567],[107.10387472989922,11.475928750815513],[107.08402874023048,11.40925363451153],[107.04630738898906,11.353589902564964],[106.96428367103624,11.283229524560717],[106.9325109695325,11.284798350826694],[106.81256001382077,11.329213894451167],[106.77803725669047,11.33488238935559],[106.71843310987508,11.306584315576853],[106.72143317055861,11.346130577677682],[106.68832220669114,11.357230763521851],[106.64799786162138,11.316530082093228],[106.61379864044713,11.379475535953569],[106.61962228765634,11.431276403226363],[106.60173957299374,11.449110701815997],[106.52172324858651,11.485001302712146],[106.51493634659901,11.508237691745943],[106.46398678660842,11.553511649742365],[106.4889284675852,11.56157778478913],[106.47142811359795,11.653072916640674],[106.43418471320072,11.677804130701485],[106.3985369333141,11.746196075749367],[106.42116239096904,11.837498804379614],[106.4393024637785,11.863325236777051],[106.39413978554755,11.969961022120044],[106.44266282586766,11.975170709342908],[106.47440611501175,11.951815918326774],[106.50500232212978,11.973483481094595],[106.63793883462365,11.960459263037436],[106.6311004610068,11.975496314794338],[106.70173424268809,11.9709970394655],[106.749367559129,12.052531604552879],[106.80352306632062,12.06856027291186],[106.91576063071614,12.066443837477571],[106.97834277894532,12.097376355363325],[107.15302278286171,12.27745097025135],[107.22818606792794,12.31094393100516],[107.24692174102017,12.065333818893155],[107.2726575557073,11.99558025104839],[107.32911458004094,11.956936804062885],[107.35925489558451,11.918500560546471],[107.37388754450663,11.850212217233137],[107.40101309318686,11.78589034032812],[107.39103495017817,11.751894171149374]]]}},{"type":"Feature","id":"72","bbox":[105.790238,10.961206,106.488928,11.771016],"properties":{"code":"72","name":"Tây Ninh","regionId":7,"regionName":"Đông Nam Bộ","macroRegion":"nam","macroRegionName":"Miền Nam","parent34Code":"72","parent34Name":"Tây Ninh","center":[11.4121,106.14]},"geometry":{"type":"Polygon","coordinates":[[[106.43418471320072,11.677804130701485],[106.47142811359795,11.653072916640674],[106.4889284675852,11.56157778478913],[106.46398678660842,11.553511649742365],[106.43047875588579,11.493659447670598],[106.37902183269135,11.436604492431565],[106.34263139072375,11.343999341995602],[106.34644764438735,11.273032153831874],[106.38202189337488,11.196470472002684],[106.4218976999601,11.156717006432762],[106.43003021740124,11.123934457572979],[106.41869175275907,11.065325476315762],[106.36306562758533,10.982355287192537],[106.30249087290174,11.024920799842981],[106.2843655062721,10.98543373873332],[106.20279767989373,10.961205733097446],[106.17107645001937,10.970870294905769],[106.18766502085771,10.976272385349933],[106.16035564492971,11.05415128923263],[106.13146535467092,11.084269793489812],[106.0871556348696,11.055779316489776],[106.06241984041033,11.09270593473138],[105.97432982328125,11.189884361735142],[105.89979155085742,11.21877444542557],[105.8861221567136,11.267940868591348],[105.84470955433706,11.289889636067219],[105.87134979908319,11.412628091008157],[105.85377591419683,11.546407530802096],[105.80401020168185,11.56564785293199],[105.79023786427928,11.587522619168903],[105.80556170365298,11.624316035180378],[105.85827600522212,11.661005849457307],[105.93435107343727,11.643038348637546],[105.98302117555558,11.707005019595549],[106.01510270683556,11.77101609129693],[106.11332528186146,11.747454096811705],[106.15485553367657,11.745929671289106],[106.243327911481,11.714168339526987],[106.28744645094464,11.674414873957065],[106.353962502276,11.690473142811632],[106.41333870330415,11.661538658377829],[106.43418471320072,11.677804130701485]]]}},{"type":"Feature","id":"74","bbox":[106.342631,10.874062,106.97424,11.553512],"properties":{"code":"74","name":"Bình Dương","regionId":7,"regionName":"Đông Nam Bộ","macroRegion":"nam","macroRegionName":"Miền Nam","parent34Code":"79","parent34Name":"Hồ Chí Minh","center":[11.1382,106.659]},"geometry":{"type":"Polygon","coordinates":[[[106.46398678660842,11.553511649742365],[106.51493634659901,11.508237691745943],[106.52172324858651,11.485001302712146],[106.60173957299374,11.449110701815997],[106.61962228765634,11.431276403226363],[106.61379864044713,11.379475535953569],[106.64799786162138,11.316530082093228],[106.68832220669114,11.357230763521851],[106.72143317055861,11.346130577677682],[106.71843310987508,11.306584315576853],[106.77803725669047,11.33488238935559],[106.81256001382077,11.329213894451167],[106.9325109695325,11.284798350826694],[106.96428367103624,11.283229524560717],[106.93342275268142,11.215237186203227],[106.9742397547752,11.12221762882908],[106.95451876763495,11.063697449058616],[106.91287086638127,11.029864082605586],[106.87834075616107,11.027348040480907],[106.8274206085301,11.05495050261341],[106.7844417980026,11.026563627347919],[106.78692714239239,10.980164850519287],[106.83209717371325,10.917145395419986],[106.83605313608516,10.887115692649559],[106.79883179495766,10.894160610598657],[106.73522756723091,10.874061874096814],[106.71180797586563,10.88101799055916],[106.61865167978813,11.00975054585595],[106.5746802021227,11.049548412169248],[106.51435545249608,11.135804256302347],[106.43003021740124,11.123934457572979],[106.4218976999601,11.156717006432762],[106.38202189337488,11.196470472002684],[106.34644764438735,11.273032153831874],[106.34263139072375,11.343999341995602],[106.37902183269135,11.436604492431565],[106.43047875588579,11.493659447670598],[106.46398678660842,11.553511649742365]]]}},{"type":"Feature","id":"75","bbox":[106.753963,10.567031,107.610186,11.565751],"properties":{"code":"75","name":"Đồng Nai","regionId":7,"regionName":"Đông Nam Bộ","macroRegion":"nam","macroRegionName":"Miền Nam","parent34Code":"75","parent34Name":"Đồng Nai","center":[11.1258,107.178]},"geometry":{"type":"Polygon","coordinates":[[[107.02481430718036,10.634963871013388],[107.01265229646822,10.673237311804087],[107.00268885963933,10.625550913417532],[106.99716668911648,10.624233691364024],[106.99165187168352,10.62426329185961],[106.98438701885183,10.567030733647067],[106.96395278199026,10.605348575181143],[106.89265722221701,10.669892455803044],[106.83606048917507,10.660671901428486],[106.75770596308763,10.704776639849323],[106.75396324032313,10.773005782171488],[106.78972131655841,10.753706259050425],[106.82845004111759,10.771214952188629],[106.88081874746094,10.76271960995589],[106.8811349303271,10.813188454927385],[106.83605313608516,10.887115692649559],[106.83209717371325,10.917145395419986],[106.78692714239239,10.980164850519287],[106.7844417980026,11.026563627347919],[106.8274206085301,11.05495050261341],[106.87834075616107,11.027348040480907],[106.91287086638127,11.029864082605586],[106.95451876763495,11.063697449058616],[106.9742397547752,11.12221762882908],[106.93342275268142,11.215237186203227],[106.96428367103624,11.283229524560717],[107.04630738898906,11.353589902564964],[107.08402874023048,11.40925363451153],[107.10387472989922,11.475928750815513],[107.14000046063002,11.49885433464567],[107.23425236710419,11.528144025026489],[107.30784944401947,11.565751454666536],[107.37418902119296,11.561133777355362],[107.398615985876,11.506387660771914],[107.44825669586251,11.490980602820207],[107.44900671103339,11.417334569806085],[107.52627297981405,11.403052330686586],[107.6101864418739,11.361419233647052],[107.56981797826468,11.327689468928567],[107.51086090336142,11.220476473921675],[107.43062398625688,11.038433426077285],[107.47724257629012,11.00124040337542],[107.53105984134586,11.000796395941652],[107.55710448580923,10.98012044977591],[107.58824482158066,10.911684103984655],[107.59048016091349,10.85030747639029],[107.56247224144398,10.80146665867594],[107.51658160731188,10.755482288785492],[107.48245591703675,10.798033001188145],[107.45766129785818,10.800948650003212],[107.35887988799908,10.691264013615019],[107.3133495552726,10.687519550923586],[107.2914447004289,10.708136296098157],[107.28086360404754,10.768210501886808],[107.24088485420356,10.769868129639537],[107.1509345053271,10.728235032600002],[107.14374318339452,10.685995125400986],[107.11602203443154,10.665733586173427],[107.02481430718036,10.634963871013388]]]}},{"type":"Feature","id":"77","bbox":[106.991299,10.323581,107.586745,10.800949],"properties":{"code":"77","name":"Bà Rịa - Vũng Tàu","regionId":7,"regionName":"Đông Nam Bộ","macroRegion":"nam","macroRegionName":"Miền Nam","parent34Code":"79","parent34Name":"Hồ Chí Minh","center":[10.3969,107.143]},"geometry":{"type":"MultiPolygon","coordinates":[[[[107.20264143357849,10.43738056298716],[107.16650099666785,10.39124819061879],[107.1361033229774,10.377824365871238],[107.08752881102794,10.323581457712727],[107.07970512336304,10.3904637774858],[107.15569930758917,10.422698717177271],[107.17252317730464,10.464864623137325],[107.20264143357849,10.43738056298716]]],[[[107.01987303076044,10.512240216320244],[107.03380713614104,10.535343403123909],[107.02481430718036,10.634963871013388],[107.11602203443154,10.665733586173427],[107.14374318339452,10.685995125400986],[107.1509345053271,10.728235032600002],[107.24088485420356,10.769868129639537],[107.28086360404754,10.768210501886808],[107.2914447004289,10.708136296098157],[107.3133495552726,10.687519550923586],[107.35887988799908,10.691264013615019],[107.45766129785818,10.800948650003212],[107.48245591703675,10.798033001188145],[107.51658160731188,10.755482288785492],[107.57881816031525,10.614539529060115],[107.5867447912389,10.573572443171232],[107.53112601915505,10.512669423506217],[107.44815375260376,10.473774372308245],[107.33365143651578,10.454178844231336],[107.27248108154944,10.378253573057213],[107.19001617820197,10.404731216357508],[107.21639906480124,10.434553715658843],[107.17536147001013,10.477119228309288],[107.14222109378304,10.4664334494033],[107.102411465007,10.489877041906189],[107.03202768838267,10.473966775529544],[107.02531431729429,10.501288032953996],[107.01987303076044,10.512240216320244]]],[[[107.00268885963933,10.625550913417532],[107.02460842066286,10.603587345693867],[107.01193169365698,10.562753462035113],[106.99129892336781,10.56970957849746],[106.99716668911648,10.624233691364024],[107.00268885963933,10.625550913417532]]]]}},{"type":"Feature","id":"79","bbox":[106.363066,10.371194,107.025314,11.135804],"properties":{"code":"79","name":"TP. Hồ Chí Minh","regionId":7,"regionName":"Đông Nam Bộ","macroRegion":"nam","macroRegionName":"Miền Nam","parent34Code":"79","parent34Name":"Hồ Chí Minh","center":[10.409,106.926]},"geometry":{"type":"MultiPolygon","coordinates":[[[[106.9481730510421,10.50723773256647],[106.9214813346666,10.425555165001171],[106.93672429005129,10.439097391731059],[106.9778427688314,10.4047460166053],[106.88808360029262,10.371193854860321],[106.8746274457562,10.425836369709224],[106.89278222474549,10.465279030075507],[106.88888508709287,10.504869692919714],[106.9275843992924,10.52100196301324],[106.9481730510421,10.50723773256647]]],[[[106.92242988326507,10.57968494550942],[106.92220193747784,10.54286192900236],[106.89484108992046,10.577124502641366],[106.90278242702392,10.522511588288049],[106.85614913081085,10.562353855344723],[106.87728191121393,10.635881486376507],[106.92943737794987,10.597371241621133],[106.92242988326507,10.57968494550942]]],[[[107.02531431729429,10.501288032953996],[106.99210776325798,10.48104129397423],[107.01987303076044,10.512240216320244],[107.02531431729429,10.501288032953996]]],[[[106.36306562758533,10.982355287192537],[106.41869175275907,11.065325476315762],[106.43003021740124,11.123934457572979],[106.51435545249608,11.135804256302347],[106.5746802021227,11.049548412169248],[106.61865167978813,11.00975054585595],[106.71180797586563,10.88101799055916],[106.73522756723091,10.874061874096814],[106.79883179495766,10.894160610598657],[106.83605313608516,10.887115692649559],[106.8811349303271,10.813188454927385],[106.88081874746094,10.76271960995589],[106.82845004111759,10.771214952188629],[106.78972131655841,10.753706259050425],[106.75396324032313,10.773005782171488],[106.75770596308763,10.704776639849323],[106.83606048917507,10.660671901428486],[106.89265722221701,10.669892455803044],[106.96395278199026,10.605348575181143],[106.98438701885183,10.567030733647067],[107.0116669824202,10.521845577137398],[106.97276913679308,10.474351581972142],[106.93740077432305,10.548219618703147],[106.94323912771208,10.600020485975941],[106.88151729100244,10.652220959939125],[106.82898681668107,10.63071619989702],[106.77277244431447,10.68695714150748],[106.7367496568424,10.65851106525082],[106.77229449347028,10.603750148419582],[106.75140436503425,10.56704553389486],[106.78606683087284,10.60095290158685],[106.75196319986745,10.665259978244077],[106.77541220359238,10.66648839881083],[106.84819308752756,10.614228723856478],[106.83959732542206,10.559719411237706],[106.86836261315237,10.529541705989356],[106.86397281847573,10.487272198294756],[106.8748333322737,10.459936140622514],[106.83218541079218,10.472457150254737],[106.85950213981009,10.431371662383516],[106.84006057008644,10.405574830481664],[106.79201548061053,10.437217760261445],[106.75922805269913,10.487879008454238],[106.75140436503425,10.56704553389486],[106.74442628270907,10.552067683129126],[106.74341890939132,10.61755877960973],[106.71051383204136,10.651836153496527],[106.64562281358025,10.638545530979107],[106.61130594296743,10.66873803647525],[106.5232379851081,10.710104729054525],[106.49439181338877,10.736167965416636],[106.52231884886926,10.802887482463994],[106.52532626264271,10.850618281593926],[106.47738411642554,10.924515918820514],[106.36306562758533,10.982355287192537]]]]}},{"type":"Feature","id":"80","bbox":[105.52335,10.413759,106.744426,11.024921],"properties":{"code":"80","name":"Long An","regionId":8,"regionName":"Đồng bằng sông Cửu Long","macroRegion":"nam","macroRegionName":"Miền Nam","parent34Code":"72","parent34Name":"Tây Ninh","center":[10.6869,106.134]},"geometry":{"type":"Polygon","coordinates":[[[106.74442628270907,10.552067683129126],[106.73322752677522,10.52212678184545],[106.63788000990438,10.478969259283318],[106.61560750056515,10.43678855307547],[106.58517306142514,10.413759367510766],[106.4528762677535,10.415742600714925],[106.44072896322116,10.47174673836071],[106.35541106098839,10.5062313157166],[106.31429993529818,10.5650623006907],[106.27164466072675,10.587070269157742],[106.16685577641069,10.592931167283464],[106.12681084875751,10.579433341296953],[106.09911911215417,10.548145617464186],[106.05083872380112,10.544223551799245],[105.96261635105365,10.554050916333285],[105.92265966047941,10.56645352398317],[105.8662246954155,10.607553812102184],[105.65285273238949,10.805936333509193],[105.59088089062288,10.87975996949682],[105.53710774410662,10.91942463357999],[105.52335011288388,10.950845559642886],[105.63249937951693,10.973830344464215],[105.69749334123678,11.010534958988938],[105.75275916500492,11.01586304819414],[105.82155467420856,10.9201646459696],[105.86136430298458,10.83954769624534],[105.8999827311951,10.828521511640131],[105.9319466130365,10.896647052227753],[106.0172792214491,10.819966968416225],[106.07240533650892,10.796582576904505],[106.15517171654272,10.785363989077998],[106.17717951464518,10.766182867939271],[106.15132605051947,10.863154091473943],[106.12665643386939,10.909641669789327],[106.13102416927629,10.969656674586806],[106.17107645001937,10.970870294905769],[106.20279767989373,10.961205733097446],[106.2843655062721,10.98543373873332],[106.30249087290174,11.024920799842981],[106.36306562758533,10.982355287192537],[106.47738411642554,10.924515918820514],[106.52532626264271,10.850618281593926],[106.52231884886926,10.802887482463994],[106.49439181338877,10.736167965416636],[106.5232379851081,10.710104729054525],[106.61130594296743,10.66873803647525],[106.64562281358025,10.638545530979107],[106.71051383204136,10.651836153496527],[106.74341890939132,10.61755877960973],[106.74442628270907,10.552067683129126]]]}},{"type":"Feature","id":"82","bbox":[105.839312,10.228801,106.795405,10.592931],"properties":{"code":"82","name":"Tiền Giang","regionId":8,"regionName":"Đồng bằng sông Cửu Long","macroRegion":"nam","macroRegionName":"Miền Nam","parent34Code":"87","parent34Name":"Đồng Tháp","center":[10.4581,106.217]},"geometry":{"type":"MultiPolygon","coordinates":[[[[106.73849969224112,10.228800670851307],[106.69041783731566,10.252244263354193],[106.55967989870507,10.274725839750586],[106.70294014943343,10.275362250405653],[106.74694839254842,10.26285604102122],[106.73849969224112,10.228800670851307]]],[[[105.84884199086682,10.3019286951927],[105.83931238634267,10.344257403878467],[105.94860136168403,10.480404883319164],[105.96261635105365,10.554050916333285],[106.05083872380112,10.544223551799245],[106.09911911215417,10.548145617464186],[106.12681084875751,10.579433341296953],[106.16685577641069,10.592931167283464],[106.27164466072675,10.587070269157742],[106.31429993529818,10.5650623006907],[106.35541106098839,10.5062313157166],[106.44072896322116,10.47174673836071],[106.4528762677535,10.415742600714925],[106.58517306142514,10.413759367510766],[106.61560750056515,10.43678855307547],[106.65577007765688,10.473419166361232],[106.67071155635523,10.432422479976763],[106.71363154216345,10.467661869970057],[106.74119092314841,10.467513867492134],[106.7876330390238,10.39358662976996],[106.79540525505932,10.30625036754803],[106.77594162606594,10.274977443963055],[106.70438870814581,10.289008078870085],[106.5983203861853,10.28817926499372],[106.4221035864776,10.31628493555116],[106.34227844240804,10.33709408394703],[106.27881392338959,10.31689174571064],[106.20440065349425,10.315811327621809],[106.15887032076776,10.298228633244642],[106.10650161442442,10.29568299062438],[106.03492663723456,10.319126583127266],[105.98807274832417,10.31927458560519],[105.95491031282734,10.28798686177242],[105.89842387613405,10.290872910091906],[105.84884199086682,10.3019286951927]]]]}},{"type":"Feature","id":"83","bbox":[105.95491,9.817443,106.797317,10.337094],"properties":{"code":"83","name":"Bến Tre","regionId":8,"regionName":"Đồng bằng sông Cửu Long","macroRegion":"nam","macroRegionName":"Miền Nam","parent34Code":"86","parent34Name":"Vĩnh Long","center":[10.171,106.496]},"geometry":{"type":"MultiPolygon","coordinates":[[[[106.5438266368578,9.838222131614438],[106.52044381094206,9.838325733348984],[106.49722275300437,9.875267151838383],[106.42179475670136,9.932899316741315],[106.48634017993666,9.902603209510627],[106.5438266368578,9.838222131614438]]],[[[106.11870039058611,10.2383320304295],[106.07330976656793,10.260325198648749],[105.95491031282734,10.28798686177242],[105.98807274832417,10.31927458560519],[106.03492663723456,10.319126583127266],[106.10650161442442,10.29568299062438],[106.15887032076776,10.298228633244642],[106.20440065349425,10.315811327621809],[106.27881392338959,10.31689174571064],[106.34227844240804,10.33709408394703],[106.4221035864776,10.31628493555116],[106.47980328300613,10.280557137380724],[106.72044050342068,10.2002509928601],[106.79731705843608,10.157537477731735],[106.79154488285624,10.109821478849595],[106.73755849673258,10.054187347398614],[106.70449900449448,10.048903658936789],[106.70467547865233,10.083003429850079],[106.66862327882062,10.032712187852093],[106.64492427003873,9.972800784789158],[106.59129083223077,9.98125172627852],[106.54741494473417,10.015558700660902],[106.49795806199542,10.036249447074434],[106.44313342362193,10.089707942099958],[106.35969791240628,10.22104534100818],[106.33088850613652,10.249817022716268],[106.29237302118474,10.26224923086174],[106.35002859917383,10.214266827519339],[106.36905839586248,10.155509843784198],[106.46216322031059,10.035050627003264],[106.56100345488898,9.978661682914879],[106.61448247780882,9.938849016353789],[106.6968223786278,9.896150301473215],[106.68285886088756,9.855286817318877],[106.6623657993067,9.884043698779173],[106.65805688861909,9.84859710531679],[106.61113682189949,9.817442583714152],[106.56310643860341,9.84221819851834],[106.50423760077908,9.905252453865435],[106.3944486153238,9.97394040386916],[106.14484062521832,10.22869706911676],[106.11870039058611,10.2383320304295]]]]}},{"type":"Feature","id":"84","bbox":[105.996389,9.541403,106.575952,10.076861],"properties":{"code":"84","name":"Trà Vinh","regionId":8,"regionName":"Đồng bằng sông Cửu Long","macroRegion":"nam","macroRegionName":"Miền Nam","parent34Code":"86","parent34Name":"Vĩnh Long","center":[9.82817,106.289]},"geometry":{"type":"Polygon","coordinates":[[[106.24618826345622,10.076861327016305],[106.28326254278551,10.050798090654194],[106.31199841815616,10.008395380729464],[106.3887646768229,9.933032518971444],[106.47514877709273,9.861724925108495],[106.51889966206083,9.801487916594132],[106.52697335478268,9.761897253749925],[106.57499638498886,9.738483261742623],[106.57595228667724,9.648423753926922],[106.5440398764652,9.584442282721124],[106.4847666186958,9.546509247629647],[106.39814721954883,9.541403162141329],[106.33783717610204,9.585300697093075],[106.25001187020975,9.630663456576249],[106.06493459715975,9.804581168382708],[105.99638909301306,9.888039765683075],[106.06256690220853,9.926046802013513],[106.13697281901398,9.950363609136142],[106.13159771028931,9.987216226138788],[106.18816503097162,10.022500016875457],[106.20618010125261,10.055178964000692],[106.24618826345622,10.076861327016305]]]}},{"type":"Feature","id":"86","bbox":[105.692743,9.88804,106.246188,10.301929],"properties":{"code":"86","name":"Vĩnh Long","regionId":8,"regionName":"Đồng bằng sông Cửu Long","macroRegion":"nam","macroRegionName":"Miền Nam","parent34Code":"86","parent34Name":"Vĩnh Long","center":[10.1042,105.969]},"geometry":{"type":"Polygon","coordinates":[[[106.11870039058611,10.2383320304295],[106.16670871461247,10.180862668252283],[106.19403279672028,10.120729261472466],[106.24618826345622,10.076861327016305],[106.20618010125261,10.055178964000692],[106.18816503097162,10.022500016875457],[106.13159771028931,9.987216226138788],[106.13697281901398,9.950363609136142],[106.06256690220853,9.926046802013513],[105.99638909301306,9.888039765683075],[105.90443135059101,9.977004055162151],[105.83842266246349,10.004458514816731],[105.7793699973914,10.064651122587717],[105.69274324515453,10.123526508305197],[105.70385376400947,10.167172439044474],[105.73833240260029,10.183467511863716],[105.76858301449253,10.162939568175897],[105.84979053946529,10.13816395337171],[105.90910791577416,10.17213052205487],[105.91062265229574,10.22125254447727],[105.88174706821678,10.241795288412881],[105.84884199086682,10.3019286951927],[105.89842387613405,10.290872910091906],[105.95491031282734,10.28798686177242],[106.07330976656793,10.260325198648749],[106.11870039058611,10.2383320304295]]]}},{"type":"Feature","id":"87","bbox":[105.209822,10.301929,105.962616,10.963293],"properties":{"code":"87","name":"Đồng Tháp","regionId":8,"regionName":"Đồng bằng sông Cửu Long","macroRegion":"nam","macroRegionName":"Miền Nam","parent34Code":"87","parent34Name":"Đồng Tháp","center":[10.6644,105.586]},"geometry":{"type":"Polygon","coordinates":[[[105.20982171218547,10.891170960544628],[105.2526166954652,10.882956823019942],[105.30366184562465,10.844698182477035],[105.32714026170922,10.848768250619898],[105.35758205393914,10.9074068323727],[105.41012723444034,10.963292568036149],[105.47362116581843,10.941373401055861],[105.52335011288388,10.950845559642886],[105.53710774410662,10.91942463357999],[105.59088089062288,10.87975996949682],[105.65285273238949,10.805936333509193],[105.8662246954155,10.607553812102184],[105.92265966047941,10.56645352398317],[105.96261635105365,10.554050916333285],[105.94860136168403,10.480404883319164],[105.83931238634267,10.344257403878467],[105.84884199086682,10.3019286951927],[105.79928216486933,10.319792594277917],[105.70025074995327,10.407365660464524],[105.63134494440096,10.417059822768433],[105.58315279312684,10.447178327025615],[105.55011536015849,10.474529184945649],[105.50471002996048,10.537371037071445],[105.40272267290035,10.58665586221956],[105.37792805372179,10.612615496847125],[105.3697587708311,10.70268980491062],[105.30627954563283,10.70276380614958],[105.24700628786341,10.779236686492016],[105.21530711725879,10.844772183715996],[105.20982171218547,10.891170960544628]]]}},{"type":"Feature","id":"89","bbox":[104.724121,10.19923,105.583153,10.94719],"properties":{"code":"89","name":"An Giang","regionId":8,"regionName":"Đồng bằng sông Cửu Long","macroRegion":"nam","macroRegionName":"Miền Nam","parent34Code":"89","parent34Name":"An Giang","center":[10.5736,105.154]},"geometry":{"type":"Polygon","coordinates":[[[104.72412071123021,10.521283167721293],[104.81928440085329,10.517257500321808],[104.85375568635422,10.530918129034033],[104.9447575270879,10.641490780289761],[105.042715390877,10.690627602959953],[105.06617910078177,10.713819591250374],[105.06618645387167,10.746572539614572],[105.01512659753242,10.848931053345613],[105.02894305347445,10.914436950074009],[105.07728226654677,10.947189898438207],[105.09798121464513,10.914422149826216],[105.20982171218547,10.891170960544628],[105.21530711725879,10.844772183715996],[105.24700628786341,10.779236686492016],[105.30627954563283,10.70276380614958],[105.3697587708311,10.70268980491062],[105.37792805372179,10.612615496847125],[105.40272267290035,10.58665586221956],[105.50471002996048,10.537371037071445],[105.55011536015849,10.474529184945649],[105.58315279312684,10.447178327025615],[105.53344590533113,10.40222997448062],[105.4947392400417,10.33404523290183],[105.47397411413414,10.275391850901237],[105.42987763394022,10.27408942909552],[105.36782490818462,10.234587567738068],[105.33341980049288,10.272846208280974],[105.26586696348413,10.234691169472612],[105.241035578856,10.199229775762436],[104.88828579657444,10.382175638722153],[104.72412071123021,10.521283167721293]]]}},{"type":"Feature","id":"91","bbox":[103.846257,9.406247,105.528497,10.533464],"properties":{"code":"91","name":"Kiên Giang","regionId":8,"regionName":"Đồng bằng sông Cửu Long","macroRegion":"nam","macroRegionName":"Miền Nam","parent34Code":"89","parent34Name":"An Giang","center":[9.85962,105.284]},"geometry":{"type":"MultiPolygon","coordinates":[[[[104.00994450057256,10.02997414201053],[103.98338513981544,10.158159088139007],[103.93757538967235,10.265816090579666],[103.8574708281862,10.321494622774024],[103.84625736607252,10.371933867249933],[103.9331047110067,10.366783381018237],[104.0045032140387,10.451618401363282],[104.08193860388731,10.37132705709045],[104.0850489609195,10.248529401158345],[104.04676142175497,10.15152857712809],[104.03315820542034,10.095539239730096],[104.05113651025178,10.069668406589283],[104.05131298440963,10.008262178499333],[104.00994450057256,10.02997414201053]]],[[[104.83357880763951,9.534624648652489],[104.8568660433864,9.737994853565478],[104.89259470726205,9.851275950167183],[104.96966244261513,9.854028796256538],[104.99305997471068,9.888143367417621],[105.07703226148982,9.944088304072238],[105.11279769081501,9.856737241602515],[105.10731963883161,9.95227284110134],[105.08806189635573,9.997324795380878],[105.00269987558349,10.091498772082817],[104.96413291900235,10.106506223344136],[104.90077869633255,10.096945263270356],[104.86909423190775,10.11603758292233],[104.80430615670538,10.207443913287122],[104.77260698610075,10.226536232939095],[104.70784832325803,10.222392163557272],[104.65145012364368,10.144542860170159],[104.60736099653968,10.154044619252769],[104.58931651389905,10.260473201126672],[104.53550660193322,10.309536022557904],[104.49957205154008,10.370883049656683],[104.52985942888188,10.399595530373604],[104.45407113117324,10.380370008491502],[104.45124754464757,10.419945871087917],[104.4939689970282,10.42820440935598],[104.55449963317231,10.518352718658432],[104.62619225980075,10.533463771654297],[104.72412071123021,10.521283167721293],[104.88828579657444,10.382175638722153],[105.241035578856,10.199229775762436],[105.32364019091177,10.141834414824181],[105.42268631200766,10.04345716774925],[105.5189309058476,9.951888034658742],[105.5284972758213,9.908197703176088],[105.50360706647389,9.834536869914174],[105.38789149055066,9.726879867473517],[105.36170713737899,9.68323393673424],[105.39329601163496,9.642252050597563],[105.39185480601247,9.586307113942945],[105.30661778776872,9.60548823508167],[105.29284545036614,9.587757538226583],[105.31066198721955,9.515413927018178],[105.28174963769104,9.471767996278901],[105.29820585291098,9.425339618954686],[105.28032313824838,9.406247299302713],[105.2404767440228,9.417199482668961],[105.02331793969283,9.527831334915858],[104.96969185497477,9.530569380757418],[104.87346196731465,9.507332991723622],[104.83357880763951,9.534624648652489]]]]}},{"type":"Feature","id":"92","bbox":[105.241036,10.043457,105.910623,10.447178],"properties":{"code":"92","name":"Cần Thơ","regionId":8,"regionName":"Đồng bằng sông Cửu Long","macroRegion":"nam","macroRegionName":"Miền Nam","parent34Code":"92","parent34Name":"Cần Thơ","center":[10.2421,105.685]},"geometry":{"type":"Polygon","coordinates":[[[105.241035578856,10.199229775762436],[105.26586696348413,10.234691169472612],[105.33341980049288,10.272846208280974],[105.36782490818462,10.234587567738068],[105.42987763394022,10.27408942909552],[105.47397411413414,10.275391850901237],[105.4947392400417,10.33404523290183],[105.53344590533113,10.40222997448062],[105.58315279312684,10.447178327025615],[105.63134494440096,10.417059822768433],[105.70025074995327,10.407365660464524],[105.79928216486933,10.319792594277917],[105.84884199086682,10.3019286951927],[105.88174706821678,10.241795288412881],[105.91062265229574,10.22125254447727],[105.90910791577416,10.17213052205487],[105.84979053946529,10.13816395337171],[105.76858301449253,10.162939568175897],[105.73833240260029,10.183467511863716],[105.70385376400947,10.167172439044474],[105.69274324515453,10.123526508305197],[105.63071993175856,10.101814544794],[105.52464425670814,10.078800159477087],[105.42268631200766,10.04345716774925],[105.32364019091177,10.141834414824181],[105.241035578856,10.199229775762436]]]}},{"type":"Feature","id":"93","bbox":[105.361707,9.586307,105.901512,10.123527],"properties":{"code":"93","name":"Hậu Giang","regionId":8,"regionName":"Đồng bằng sông Cửu Long","macroRegion":"nam","macroRegionName":"Miền Nam","parent34Code":"92","parent34Name":"Cần Thơ","center":[9.84353,105.663]},"geometry":{"type":"Polygon","coordinates":[[[105.83842266246349,10.004458514816731],[105.8383638377442,9.979904903729427],[105.9015121738965,9.916959449869086],[105.81981934498965,9.719287340356104],[105.79229672945425,9.712538427362848],[105.67385315717418,9.640461220614704],[105.56928486555543,9.610623921065574],[105.46198857757985,9.587579935253077],[105.39185480601247,9.586307113942945],[105.39329601163496,9.642252050597563],[105.36170713737899,9.68323393673424],[105.38789149055066,9.726879867473517],[105.50360706647389,9.834536869914174],[105.5284972758213,9.908197703176088],[105.5189309058476,9.951888034658742],[105.42268631200766,10.04345716774925],[105.52464425670814,10.078800159477087],[105.63071993175856,10.101814544794],[105.69274324515453,10.123526508305197],[105.7793699973914,10.064651122587717],[105.83842266246349,10.004458514816731]]]}},{"type":"Feature","id":"94","bbox":[105.569285,8.652352,106.669366,9.916959],"properties":{"code":"94","name":"Sóc Trăng","regionId":8,"regionName":"Đồng bằng sông Cửu Long","macroRegion":"nam","macroRegionName":"Miền Nam","parent34Code":"92","parent34Name":"Cần Thơ","center":[9.5614,105.9]},"geometry":{"type":"MultiPolygon","coordinates":[[[[106.6693659409016,8.753008762497196],[106.63913003518918,8.738134513466008],[106.65540977625126,8.698499449878424],[106.60191604715159,8.694636585204654],[106.59899687045709,8.652352277262262],[106.559356362749,8.681168359713727],[106.5979674378696,8.732850825004183],[106.65845395547426,8.766698991705006],[106.6693659409016,8.753008762497196]]],[[[106.1073913383036,9.747141406701076],[106.15530407216112,9.678749461653194],[106.21010665126488,9.621250498980393],[106.2924759644435,9.586839922863465],[106.28406402958576,9.543208792371981],[106.24416616373081,9.535172257820802],[106.24975451206286,9.559711068660313],[106.19769463549576,9.610387117100899],[106.22640109850678,9.565246361334607],[106.19618725206409,9.57217287730137],[106.12639907572252,9.672030149155523],[106.1073913383036,9.747141406701076]]],[[[105.9015121738965,9.916959449869086],[106.0730082898816,9.748606631232505],[106.093457232923,9.692602493586719],[106.19745198352872,9.540796351981848],[106.205408026812,9.457530157902779],[106.16953965422806,9.418072697288702],[106.19273129980611,9.36887667362734],[106.01807335515944,9.314826168690129],[105.8681732642418,9.255181170087454],[105.83271666469285,9.364436599289672],[105.80117190897636,9.390440634660616],[105.69258883026642,9.383854524393074],[105.59920458840169,9.418146698527664],[105.57727767428827,9.459113784416548],[105.56928486555543,9.610623921065574],[105.67385315717418,9.640461220614704],[105.79229672945425,9.712538427362848],[105.81981934498965,9.719287340356104],[105.9015121738965,9.916959449869086]]]]}},{"type":"Feature","id":"95","bbox":[105.280323,9.007588,105.868173,9.610624],"properties":{"code":"95","name":"Bạc Liêu","regionId":8,"regionName":"Đồng bằng sông Cửu Long","macroRegion":"nam","macroRegionName":"Miền Nam","parent34Code":"96","parent34Name":"Cà Mau","center":[9.33941,105.573]},"geometry":{"type":"Polygon","coordinates":[[[105.8681732642418,9.255181170087454],[105.75955342008231,9.210395620268175],[105.53828423849231,9.128905455924174],[105.44342202555556,9.04168759568458],[105.42553195780306,9.00758782477129],[105.39813434479613,9.058115870733953],[105.35146428313351,9.073167722738647],[105.33089033756363,9.103212225756868],[105.31037521671304,9.196039379909715],[105.28291142589691,9.205615140231286],[105.28155845735337,9.235644843001714],[105.31733123976846,9.297036270843872],[105.2871320995056,9.33118044250054],[105.30503687343793,9.372117927893838],[105.28032313824838,9.406247299302713],[105.29820585291098,9.425339618954686],[105.28174963769104,9.471767996278901],[105.31066198721955,9.515413927018178],[105.29284545036614,9.587757538226583],[105.30661778776872,9.60548823508167],[105.39185480601247,9.586307113942945],[105.46198857757985,9.587579935253077],[105.56928486555543,9.610623921065574],[105.57727767428827,9.459113784416548],[105.59920458840169,9.418146698527664],[105.69258883026642,9.383854524393074],[105.80117190897636,9.390440634660616],[105.83271666469285,9.364436599289672],[105.8681732642418,9.255181170087454]]]}},{"type":"Feature","id":"96","bbox":[104.720172,8.565578,105.425532,9.534625],"properties":{"code":"96","name":"Cà Mau","regionId":8,"regionName":"Đồng bằng sông Cửu Long","macroRegion":"nam","macroRegionName":"Miền Nam","parent34Code":"96","parent34Name":"Cà Mau","center":[9.05545,105.073]},"geometry":{"type":"Polygon","coordinates":[[[105.42553195780306,9.00758782477129],[105.33339774122315,8.839797415550814],[105.25924182947468,8.760690091101361],[105.1837770677221,8.740265749148088],[105.10143716690312,8.633837167274185],[104.85596161332741,8.565578424456435],[104.75173156384454,8.590087634800362],[104.72017210194822,8.613279623090783],[104.75993761218479,8.616032469180137],[104.83535090230797,8.661114023955259],[104.8188799809082,8.691128926477896],[104.8449393315514,8.697966640957905],[104.91215392642427,8.68571203578594],[104.96290495298727,8.719841407194815],[104.87648408726791,8.699343064002582],[104.85315273298156,8.729357966525217],[104.9286027885543,8.747133064123682],[104.92172764948788,8.809915715258308],[104.81609315983209,8.771657074715401],[104.77490850324278,8.818041051296241],[104.81189454549313,8.936813039828861],[104.80771799042391,9.045994467792118],[104.81862997585125,9.193404935802699],[104.83357880763951,9.534624648652489],[104.87346196731465,9.507332991723622],[104.96969185497477,9.530569380757418],[105.02331793969283,9.527831334915858],[105.2404767440228,9.417199482668961],[105.28032313824838,9.406247299302713],[105.30503687343793,9.372117927893838],[105.2871320995056,9.33118044250054],[105.31733123976846,9.297036270843872],[105.28155845735337,9.235644843001714],[105.28291142589691,9.205615140231286],[105.31037521671304,9.196039379909715],[105.33089033756363,9.103212225756868],[105.35146428313351,9.073167722738647],[105.39813434479613,9.058115870733953],[105.42553195780306,9.00758782477129]]]}}]}